referencia_pago_id;usuario_id;cuenta_id;codigo_referencia_pago;tipo_referencia_pago;descripcion;estado;pagador_nombre;pagador_email;solicitud_tarjeta_id;fecha_creacion;fecha_vencimiento;multipago;lease;unidad_negocio;tipo_creacion;frecuencia_recordatorio;fecha_proximo_recordatorio;referencia;migrado;inventario_tarjeta_cobranza_id;fecha_asociacion
1001;609572;612551;U61C1851326;PAYMENT_COUPON;PAYMENT_COUPON_612551;ENABLED;;;;2013-05-23T00:00:00;;true;0;PAYMENT_COUPONS;CODE;;;;true;;2013-05-23T00:00:00
1002;609572;612551;U61C1851327;PAYMENT_COUPON;PAYMENT_COUPON_612551;ENABLED;;;;2013-05-23T00:00:00;;true;0;PAYMENT_COUPONS;CODE;;;;true;;2013-05-23T00:00:00
1003;609572;612551;U61C1851328;PAYMENT_COUPON;PAYMENT_COUPON_612551;ENABLED;;;;2013-05-23T00:00:00;;true;0;PAYMENT_COUPONS;CODE;;;;true;;2013-05-23T00:00:00
1004;609572;612551;U61C1851329;PAYMENT_COUPON;PAYMENT_COUPON_612551;ENABLED;;;;2013-05-23T00:00:00;;true;0;PAYMENT_COUPONS;CODE;;;;true;;2013-05-23T00:00:00
1005;609572;612551;U61C1851330;PAYMENT_COUPON;PAYMENT_COUPON_612551;ENABLED;;;;2013-05-23T00:00:00;;true;0;PAYMENT_COUPONS;CODE;;;;true;;2013-05-23T00:00:00
1006;609572;612551;U61C1851331;PAYMENT_COUPON;PAYMENT_COUPON_612551;ENABLED;;;;2013-05-23T00:00:00;;true;0;PAYMENT_COUPONS;CODE;;;;true;;2013-05-23T00:00:00
1007;609572;612551;U61C1851332;PAYMENT_COUPON;PAYMENT_COUPON_612551;ENABLED;;;;2013-05-23T00:00:00;;true;0;PAYMENT_COUPONS;CODE;;;;true;;2013-05-23T00:00:00
1008;609572;612551;U61C1851333;PAYMENT_COUPON;PAYMENT_COUPON_612551;ENABLED;;;;2013-05-23T00:00:00;;true;0;PAYMENT_COUPONS;CODE;;;;true;;2013-05-23T00:00:00
1009;609572;612551;U61C1851334;PAYMENT_COUPON;PAYMENT_COUPON_612551;ENABLED;;;;2013-05-23T00:00:00;;true;0;PAYMENT_COUPONS;CODE;;;;true;;2013-05-23T00:00:00
1010;609572;612551;U61C1851335;PAYMENT_COUPON;PAYMENT_COUPON_612551;ENABLED;;;;2013-05-23T00:00:00;;true;0;PAYMENT_COUPONS;CODE;;;;true;;2013-05-23T00:00:00
1011;609572;612551;U61C1851336;PAYMENT_COUPON;PAYMENT_COUPON_612551;ENABLED;;;;2013-05-23T00:00:00;;true;0;PAYMENT_COUPONS;CODE;;;;true;;2013-05-23T00:00:00
1012;609572;612551;U61C1851337;PAYMENT_COUPON;PAYMENT_COUPON_612551;ENABLED;;;;2013-05-23T00:00:00;;true;0;PAYMENT_COUPONS;CODE;;;;true;;2013-05-23T00:00:00
1013;609572;612551;U61C1851338;PAYMENT_COUPON;PAYMENT_COUPON_612551;ENABLED;;;;2013-05-23T00:00:00;;true;0;PAYMENT_COUPONS;CODE;;;;true;;2013-05-23T00:00:00
1014;609572;612551;U61C1851339;PAYMENT_COUPON;PAYMENT_COUPON_612551;ENABLED;;;;2013-05-23T00:00:00;;true;0;PAYMENT_COUPONS;CODE;;;;true;;2013-05-23T00:00:00
1015;609572;612551;U61C1851340;PAYMENT_COUPON;PAYMENT_COUPON_612551;ENABLED;;;;2013-05-23T00:00:00;;true;0;PAYMENT_COUPONS;CODE;;;;true;;2013-05-23T00:00:00
1016;609572;612551;U61C1851341;PAYMENT_COUPON;PAYMENT_COUPON_612551;ENABLED;;;;2013-05-23T00:00:00;;true;0;PAYMENT_COUPONS;CODE;;;;true;;2013-05-23T00:00:00
1017;609572;612551;U61C1851342;PAYMENT_COUPON;PAYMENT_COUPON_612551;ENABLED;;;;2013-05-23T00:00:00;;true;0;PAYMENT_COUPONS;CODE;;;;true;;2013-05-23T00:00:00
1018;609572;612551;U61C1851343;PAYMENT_COUPON;PAYMENT_COUPON_612551;ENABLED;;;;2013-05-23T00:00:00;;true;0;PAYMENT_COUPONS;CODE;;;;true;;2013-05-23T00:00:00
1019;609572;612551;U61C1851344;PAYMENT_COUPON;PAYMENT_COUPON_612551;ENABLED;;;;2013-05-23T00:00:00;;true;0;PAYMENT_COUPONS;CODE;;;;true;;2013-05-23T00:00:00
1020;609572;612551;U61C1851345;PAYMENT_COUPON;PAYMENT_COUPON_612551;ENABLED;;;;2013-05-23T00:00:00;;true;0;PAYMENT_COUPONS;CODE;;;;true;;2013-05-23T00:00:00
1021;609572;612551;U61C1851346;PAYMENT_COUPON;PAYMENT_COUPON_612551;ENABLED;;;;2013-05-23T00:00:00;;true;0;PAYMENT_COUPONS;CODE;;;;true;;2013-05-23T00:00:00
1022;609572;612551;U61C1851347;PAYMENT_COUPON;PAYMENT_COUPON_612551;ENABLED;;;;2013-05-23T00:00:00;;true;0;PAYMENT_COUPONS;CODE;;;;true;;2013-05-23T00:00:00
1023;609572;612551;U61C1851348;PAYMENT_COUPON;PAYMENT_COUPON_612551;ENABLED;;;;2013-05-23T00:00:00;;true;0;PAYMENT_COUPONS;CODE;;;;true;;2013-05-23T00:00:00
1024;609572;612551;U61C1851349;PAYMENT_COUPON;PAYMENT_COUPON_612551;ENABLED;;;;2013-05-23T00:00:00;;true;0;PAYMENT_COUPONS;CODE;;;;true;;2013-05-23T00:00:00
1025;609572;612551;U61C1851350;PAYMENT_COUPON;PAYMENT_COUPON_612551;ENABLED;;;;2013-05-23T00:00:00;;true;0;PAYMENT_COUPONS;CODE;;;;true;;2013-05-23T00:00:00
1026;609572;612551;U61C1851351;PAYMENT_COUPON;PAYMENT_COUPON_612551;ENABLED;;;;2013-05-23T00:00:00;;true;0;PAYMENT_COUPONS;CODE;;;;true;;2013-05-23T00:00:00
1027;609572;612551;U61C1851352;PAYMENT_COUPON;PAYMENT_COUPON_612551;ENABLED;;;;2013-05-23T00:00:00;;true;0;PAYMENT_COUPONS;CODE;;;;true;;2013-05-23T00:00:00
1028;609572;612551;U61C1851353;PAYMENT_COUPON;PAYMENT_COUPON_612551;ENABLED;;;;2013-05-23T00:00:00;;true;0;PAYMENT_COUPONS;CODE;;;;true;;2013-05-23T00:00:00
1029;609572;612551;U61C1851354;PAYMENT_COUPON;PAYMENT_COUPON_612551;ENABLED;;;;2013-05-23T00:00:00;;true;0;PAYMENT_COUPONS;CODE;;;;true;;2013-05-23T00:00:00
1030;609572;612551;U61C1851355;PAYMENT_COUPON;PAYMENT_COUPON_612551;ENABLED;;;;2013-05-23T00:00:00;;true;0;PAYMENT_COUPONS;CODE;;;;true;;2013-05-23T00:00:00
1031;609572;612551;U61C1851356;PAYMENT_COUPON;PAYMENT_COUPON_612551;ENABLED;;;;2013-05-23T00:00:00;;true;0;PAYMENT_COUPONS;CODE;;;;true;;2013-05-23T00:00:00
1032;609572;612551;U61C1851357;PAYMENT_COUPON;PAYMENT_COUPON_612551;ENABLED;;;;2013-05-23T00:00:00;;true;0;PAYMENT_COUPONS;CODE;;;;true;;2013-05-23T00:00:00
1033;609572;612551;U61C1851358;PAYMENT_COUPON;PAYMENT_COUPON_612551;ENABLED;;;;2013-05-23T00:00:00;;true;0;PAYMENT_COUPONS;CODE;;;;true;;2013-05-23T00:00:00
1034;609572;612551;U61C1851359;PAYMENT_COUPON;PAYMENT_COUPON_612551;ENABLED;;;;2013-05-23T00:00:00;;true;0;PAYMENT_COUPONS;CODE;;;;true;;2013-05-23T00:00:00
1035;609572;612551;U61C1851360;PAYMENT_COUPON;PAYMENT_COUPON_612551;ENABLED;;;;2013-05-23T00:00:00;;true;0;PAYMENT_COUPONS;CODE;;;;true;;2013-05-23T00:00:00
1036;609572;612551;U61C1851361;PAYMENT_COUPON;PAYMENT_COUPON_612551;ENABLED;;;;2013-05-23T00:00:00;;true;0;PAYMENT_COUPONS;CODE;;;;true;;2013-05-23T00:00:00
1037;609572;612551;U61C1851362;PAYMENT_COUPON;PAYMENT_COUPON_612551;ENABLED;;;;2013-05-23T00:00:00;;true;0;PAYMENT_COUPONS;CODE;;;;true;;2013-05-23T00:00:00
1038;609572;612551;U61C1851363;PAYMENT_COUPON;PAYMENT_COUPON_612551;ENABLED;;;;2013-05-23T00:00:00;;true;0;PAYMENT_COUPONS;CODE;;;;true;;2013-05-23T00:00:00
1039;609572;612551;U61C1851364;PAYMENT_COUPON;PAYMENT_COUPON_612551;ENABLED;;;;2013-05-23T00:00:00;;true;0;PAYMENT_COUPONS;CODE;;;;true;;2013-05-23T00:00:00
1040;609572;612551;U61C1851365;PAYMENT_COUPON;PAYMENT_COUPON_612551;ENABLED;;;;2013-05-23T00:00:00;;true;0;PAYMENT_COUPONS;CODE;;;;true;;2013-05-23T00:00:00
1041;609572;612551;U61C1851366;PAYMENT_COUPON;PAYMENT_COUPON_612551;ENABLED;;;;2013-05-23T00:00:00;;true;0;PAYMENT_COUPONS;CODE;;;;true;;2013-05-23T00:00:00
1042;609572;612551;U61C1851367;PAYMENT_COUPON;PAYMENT_COUPON_612551;ENABLED;;;;2013-05-23T00:00:00;;true;0;PAYMENT_COUPONS;CODE;;;;true;;2013-05-23T00:00:00
1043;609572;612551;U61C1851368;PAYMENT_COUPON;PAYMENT_COUPON_612551;ENABLED;;;;2013-05-23T00:00:00;;true;0;PAYMENT_COUPONS;CODE;;;;true;;2013-05-23T00:00:00
1044;609572;612551;U61C1851369;PAYMENT_COUPON;PAYMENT_COUPON_612551;ENABLED;;;;2013-05-23T00:00:00;;true;0;PAYMENT_COUPONS;CODE;;;;true;;2013-05-23T00:00:00
1045;609572;612551;U61C1851370;PAYMENT_COUPON;PAYMENT_COUPON_612551;ENABLED;;;;2013-05-23T00:00:00;;true;0;PAYMENT_COUPONS;CODE;;;;true;;2013-05-23T00:00:00
1046;609572;612551;U61C1851371;PAYMENT_COUPON;PAYMENT_COUPON_612551;ENABLED;;;;2013-05-23T00:00:00;;true;0;PAYMENT_COUPONS;CODE;;;;true;;2013-05-23T00:00:00
1047;609572;612551;U61C1851372;PAYMENT_COUPON;PAYMENT_COUPON_612551;ENABLED;;;;2013-05-23T00:00:00;;true;0;PAYMENT_COUPONS;CODE;;;;true;;2013-05-23T00:00:00
1048;609572;612551;U61C1851373;PAYMENT_COUPON;PAYMENT_COUPON_612551;ENABLED;;;;2013-05-23T00:00:00;;true;0;PAYMENT_COUPONS;CODE;;;;true;;2013-05-23T00:00:00
1049;609572;612551;U61C1851374;PAYMENT_COUPON;PAYMENT_COUPON_612551;ENABLED;;;;2013-05-23T00:00:00;;true;0;PAYMENT_COUPONS;CODE;;;;true;;2013-05-23T00:00:00
1050;609572;612551;U61C1851375;PAYMENT_COUPON;PAYMENT_COUPON_612551;ENABLED;;;;2013-05-23T00:00:00;;true;0;PAYMENT_COUPONS;CODE;;;;true;;2013-05-23T00:00:00
1051;609572;612551;U61C1851376;PAYMENT_COUPON;PAYMENT_COUPON_612551;ENABLED;;;;2013-05-23T00:00:00;;true;0;PAYMENT_COUPONS;CODE;;;;true;;2013-05-23T00:00:00
1052;609572;612551;U61C1851377;PAYMENT_COUPON;PAYMENT_COUPON_612551;ENABLED;;;;2013-05-23T00:00:00;;true;0;PAYMENT_COUPONS;CODE;;;;true;;2013-05-23T00:00:00
1053;609572;612551;U61C1851378;PAYMENT_COUPON;PAYMENT_COUPON_612551;ENABLED;;;;2013-05-23T00:00:00;;true;0;PAYMENT_COUPONS;CODE;;;;true;;2013-05-23T00:00:00
1054;609572;612551;U61C1851379;PAYMENT_COUPON;PAYMENT_COUPON_612551;ENABLED;;;;2013-05-23T00:00:00;;true;0;PAYMENT_COUPONS;CODE;;;;true;;2013-05-23T00:00:00
1055;609572;612551;U61C1851380;PAYMENT_COUPON;PAYMENT_COUPON_612551;ENABLED;;;;2013-05-23T00:00:00;;true;0;PAYMENT_COUPONS;CODE;;;;true;;2013-05-23T00:00:00
1056;609572;612551;U61C1851381;PAYMENT_COUPON;PAYMENT_COUPON_612551;ENABLED;;;;2013-05-23T00:00:00;;true;0;PAYMENT_COUPONS;CODE;;;;true;;2013-05-23T00:00:00
1057;609572;612551;U61C1851382;PAYMENT_COUPON;PAYMENT_COUPON_612551;ENABLED;;;;2013-05-23T00:00:00;;true;0;PAYMENT_COUPONS;CODE;;;;true;;2013-05-23T00:00:00
1058;609572;612551;U61C1851383;PAYMENT_COUPON;PAYMENT_COUPON_612551;ENABLED;;;;2013-05-23T00:00:00;;true;0;PAYMENT_COUPONS;CODE;;;;true;;2013-05-23T00:00:00
1059;609572;612551;U61C1851384;PAYMENT_COUPON;PAYMENT_COUPON_612551;ENABLED;;;;2013-05-23T00:00:00;;true;0;PAYMENT_COUPONS;CODE;;;;true;;2013-05-23T00:00:00
1060;609572;612551;U61C1851385;PAYMENT_COUPON;PAYMENT_COUPON_612551;ENABLED;;;;2013-05-23T00:00:00;;true;0;PAYMENT_COUPONS;CODE;;;;true;;2013-05-23T00:00:00
1061;609572;612551;U61C1851386;PAYMENT_COUPON;PAYMENT_COUPON_612551;ENABLED;;;;2013-05-23T00:00:00;;true;0;PAYMENT_COUPONS;CODE;;;;true;;2013-05-23T00:00:00
1062;609572;612551;U61C1851387;PAYMENT_COUPON;PAYMENT_COUPON_612551;ENABLED;;;;2013-05-23T00:00:00;;true;0;PAYMENT_COUPONS;CODE;;;;true;;2013-05-23T00:00:00
1063;609572;612551;U61C1851388;PAYMENT_COUPON;PAYMENT_COUPON_612551;ENABLED;;;;2013-05-23T00:00:00;;true;0;PAYMENT_COUPONS;CODE;;;;true;;2013-05-23T00:00:00
1064;609572;612551;U61C1851389;PAYMENT_COUPON;PAYMENT_COUPON_612551;ENABLED;;;;2013-05-23T00:00:00;;true;0;PAYMENT_COUPONS;CODE;;;;true;;2013-05-23T00:00:00
1065;609572;612551;U61C1851390;PAYMENT_COUPON;PAYMENT_COUPON_612551;ENABLED;;;;2013-05-23T00:00:00;;true;0;PAYMENT_COUPONS;CODE;;;;true;;2013-05-23T00:00:00
1066;609572;612551;U61C1851391;PAYMENT_COUPON;PAYMENT_COUPON_612551;ENABLED;;;;2013-05-23T00:00:00;;true;0;PAYMENT_COUPONS;CODE;;;;true;;2013-05-23T00:00:00
1067;609572;612551;U61C1851392;PAYMENT_COUPON;PAYMENT_COUPON_612551;ENABLED;;;;2013-05-23T00:00:00;;true;0;PAYMENT_COUPONS;CODE;;;;true;;2013-05-23T00:00:00
1068;609572;612551;U61C1851393;PAYMENT_COUPON;PAYMENT_COUPON_612551;ENABLED;;;;2013-05-23T00:00:00;;true;0;PAYMENT_COUPONS;CODE;;;;true;;2013-05-23T00:00:00
1069;609572;612551;U61C1851394;PAYMENT_COUPON;PAYMENT_COUPON_612551;ENABLED;;;;2013-05-23T00:00:00;;true;0;PAYMENT_COUPONS;CODE;;;;true;;2013-05-23T00:00:00
1070;609572;612551;U61C1851395;PAYMENT_COUPON;PAYMENT_COUPON_612551;ENABLED;;;;2013-05-23T00:00:00;;true;0;PAYMENT_COUPONS;CODE;;;;true;;2013-05-23T00:00:00
1071;609572;612551;U61C1851396;PAYMENT_COUPON;PAYMENT_COUPON_612551;ENABLED;;;;2013-05-23T00:00:00;;true;0;PAYMENT_COUPONS;CODE;;;;true;;2013-05-23T00:00:00
1072;609572;612551;U61C1851397;PAYMENT_COUPON;PAYMENT_COUPON_612551;ENABLED;;;;2013-05-23T00:00:00;;true;0;PAYMENT_COUPONS;CODE;;;;true;;2013-05-23T00:00:00
1073;609572;612551;U61C1851398;PAYMENT_COUPON;PAYMENT_COUPON_612551;ENABLED;;;;2013-05-23T00:00:00;;true;0;PAYMENT_COUPONS;CODE;;;;true;;2013-05-23T00:00:00
1074;609572;612551;U61C1851399;PAYMENT_COUPON;PAYMENT_COUPON_612551;ENABLED;;;;2013-05-23T00:00:00;;true;0;PAYMENT_COUPONS;CODE;;;;true;;2013-05-23T00:00:00
1075;609572;612551;U61C1851400;PAYMENT_COUPON;PAYMENT_COUPON_612551;ENABLED;;;;2013-05-23T00:00:00;;true;0;PAYMENT_COUPONS;CODE;;;;true;;2013-05-23T00:00:00
1076;609572;612551;U61C1851401;PAYMENT_COUPON;PAYMENT_COUPON_612551;ENABLED;;;;2013-05-23T00:00:00;;true;0;PAYMENT_COUPONS;CODE;;;;true;;2013-05-23T00:00:00
1077;609572;612551;U61C1851402;PAYMENT_COUPON;PAYMENT_COUPON_612551;ENABLED;;;;2013-05-23T00:00:00;;true;0;PAYMENT_COUPONS;CODE;;;;true;;2013-05-23T00:00:00
1078;609572;612551;U61C1851403;PAYMENT_COUPON;PAYMENT_COUPON_612551;ENABLED;;;;2013-05-23T00:00:00;;true;0;PAYMENT_COUPONS;CODE;;;;true;;2013-05-23T00:00:00
1079;609572;612551;U61C1851404;PAYMENT_COUPON;PAYMENT_COUPON_612551;ENABLED;;;;2013-05-23T00:00:00;;true;0;PAYMENT_COUPONS;CODE;;;;true;;2013-05-23T00:00:00
1080;609572;612551;U61C1851405;PAYMENT_COUPON;PAYMENT_COUPON_612551;ENABLED;;;;2013-05-23T00:00:00;;true;0;PAYMENT_COUPONS;CODE;;;;true;;2013-05-23T00:00:00
1081;609572;612551;U61C1851406;PAYMENT_COUPON;PAYMENT_COUPON_612551;ENABLED;;;;2013-05-23T00:00:00;;true;0;PAYMENT_COUPONS;CODE;;;;true;;2013-05-23T00:00:00
1082;609572;612551;U61C1851407;PAYMENT_COUPON;PAYMENT_COUPON_612551;ENABLED;;;;2013-05-23T00:00:00;;true;0;PAYMENT_COUPONS;CODE;;;;true;;2013-05-23T00:00:00
1083;609572;612551;U61C1851408;PAYMENT_COUPON;PAYMENT_COUPON_612551;ENABLED;;;;2013-05-23T00:00:00;;true;0;PAYMENT_COUPONS;CODE;;;;true;;2013-05-23T00:00:00
1084;609572;612551;U61C1851409;PAYMENT_COUPON;PAYMENT_COUPON_612551;ENABLED;;;;2013-05-23T00:00:00;;true;0;PAYMENT_COUPONS;CODE;;;;true;;2013-05-23T00:00:00
1085;609572;612551;U61C1851410;PAYMENT_COUPON;PAYMENT_COUPON_612551;ENABLED;;;;2013-05-23T00:00:00;;true;0;PAYMENT_COUPONS;CODE;;;;true;;2013-05-23T00:00:00
1086;609572;612551;U61C1851411;PAYMENT_COUPON;PAYMENT_COUPON_612551;ENABLED;;;;2013-05-23T00:00:00;;true;0;PAYMENT_COUPONS;CODE;;;;true;;2013-05-23T00:00:00
1087;609572;612551;U61C1851412;PAYMENT_COUPON;PAYMENT_COUPON_612551;ENABLED;;;;2013-05-23T00:00:00;;true;0;PAYMENT_COUPONS;CODE;;;;true;;2013-05-23T00:00:00
1088;609572;612551;U61C1851413;PAYMENT_COUPON;PAYMENT_COUPON_612551;ENABLED;;;;2013-05-23T00:00:00;;true;0;PAYMENT_COUPONS;CODE;;;;true;;2013-05-23T00:00:00
1089;609572;612551;U61C1851414;PAYMENT_COUPON;PAYMENT_COUPON_612551;ENABLED;;;;2013-05-23T00:00:00;;true;0;PAYMENT_COUPONS;CODE;;;;true;;2013-05-23T00:00:00
1090;609572;612551;U61C1851415;PAYMENT_COUPON;PAYMENT_COUPON_612551;ENABLED;;;;2013-05-23T00:00:00;;true;0;PAYMENT_COUPONS;CODE;;;;true;;2013-05-23T00:00:00
1091;609572;612551;U61C1851416;PAYMENT_COUPON;PAYMENT_COUPON_612551;ENABLED;;;;2013-05-23T00:00:00;;true;0;PAYMENT_COUPONS;CODE;;;;true;;2013-05-23T00:00:00
1092;609572;612551;U61C1851417;PAYMENT_COUPON;PAYMENT_COUPON_612551;ENABLED;;;;2013-05-23T00:00:00;;true;0;PAYMENT_COUPONS;CODE;;;;true;;2013-05-23T00:00:00
1093;609572;612551;U61C1851418;PAYMENT_COUPON;PAYMENT_COUPON_612551;ENABLED;;;;2013-05-23T00:00:00;;true;0;PAYMENT_COUPONS;CODE;;;;true;;2013-05-23T00:00:00
1094;609572;612551;U61C1851419;PAYMENT_COUPON;PAYMENT_COUPON_612551;ENABLED;;;;2013-05-23T00:00:00;;true;0;PAYMENT_COUPONS;CODE;;;;true;;2013-05-23T00:00:00
1095;609572;612551;U61C1851420;PAYMENT_COUPON;PAYMENT_COUPON_612551;ENABLED;;;;2013-05-23T00:00:00;;true;0;PAYMENT_COUPONS;CODE;;;;true;;2013-05-23T00:00:00
1096;609572;612551;U61C1851421;PAYMENT_COUPON;PAYMENT_COUPON_612551;ENABLED;;;;2013-05-23T00:00:00;;true;0;PAYMENT_COUPONS;CODE;;;;true;;2013-05-23T00:00:00
1097;609572;612551;U61C1851422;PAYMENT_COUPON;PAYMENT_COUPON_612551;ENABLED;;;;2013-05-23T00:00:00;;true;0;PAYMENT_COUPONS;CODE;;;;true;;2013-05-23T00:00:00
1098;609572;612551;U61C1851423;PAYMENT_COUPON;PAYMENT_COUPON_612551;ENABLED;;;;2013-05-23T00:00:00;;true;0;PAYMENT_COUPONS;CODE;;;;true;;2013-05-23T00:00:00
1099;609572;612551;U61C1851424;PAYMENT_COUPON;PAYMENT_COUPON_612551;ENABLED;;;;2013-05-23T00:00:00;;true;0;PAYMENT_COUPONS;CODE;;;;true;;2013-05-23T00:00:00
1100;609572;612551;U61C1851425;PAYMENT_COUPON;PAYMENT_COUPON_612551;ENABLED;;;;2013-05-23T00:00:00;;true;0;PAYMENT_COUPONS;CODE;;;;true;;2013-05-23T00:00:00
1101;609572;612551;U61C1851426;PAYMENT_COUPON;PAYMENT_COUPON_612551;ENABLED;;;;2013-05-23T00:00:00;;true;0;PAYMENT_COUPONS;CODE;;;;true;;2013-05-23T00:00:00
1102;609572;612551;U61C1851427;PAYMENT_COUPON;PAYMENT_COUPON_612551;ENABLED;;;;2013-05-23T00:00:00;;true;0;PAYMENT_COUPONS;CODE;;;;true;;2013-05-23T00:00:00
1103;609572;612551;U61C1851428;PAYMENT_COUPON;PAYMENT_COUPON_612551;ENABLED;;;;2013-05-23T00:00:00;;true;0;PAYMENT_COUPONS;CODE;;;;true;;2013-05-23T00:00:00
1104;609572;612551;U61C1851429;PAYMENT_COUPON;PAYMENT_COUPON_612551;ENABLED;;;;2013-05-23T00:00:00;;true;0;PAYMENT_COUPONS;CODE;;;;true;;2013-05-23T00:00:00
1105;609572;612551;U61C1851430;PAYMENT_COUPON;PAYMENT_COUPON_612551;ENABLED;;;;2013-05-23T00:00:00;;true;0;PAYMENT_COUPONS;CODE;;;;true;;2013-05-23T00:00:00
1106;609572;612551;U61C1851431;PAYMENT_COUPON;PAYMENT_COUPON_612551;ENABLED;;;;2013-05-23T00:00:00;;true;0;PAYMENT_COUPONS;CODE;;;;true;;2013-05-23T00:00:00
1107;609572;612551;U61C1851432;PAYMENT_COUPON;PAYMENT_COUPON_612551;ENABLED;;;;2013-05-23T00:00:00;;true;0;PAYMENT_COUPONS;CODE;;;;true;;2013-05-23T00:00:00
1108;609572;612551;U61C1851433;PAYMENT_COUPON;PAYMENT_COUPON_612551;ENABLED;;;;2013-05-23T00:00:00;;true;0;PAYMENT_COUPONS;CODE;;;;true;;2013-05-23T00:00:00
1109;609572;612551;U61C1851434;PAYMENT_COUPON;PAYMENT_COUPON_612551;ENABLED;;;;2013-05-23T00:00:00;;true;0;PAYMENT_COUPONS;CODE;;;;true;;2013-05-23T00:00:00
1110;609572;612551;U61C1851435;PAYMENT_COUPON;PAYMENT_COUPON_612551;ENABLED;;;;2013-05-23T00:00:00;;true;0;PAYMENT_COUPONS;CODE;;;;true;;2013-05-23T00:00:00
1111;609572;612551;U61C1851436;PAYMENT_COUPON;PAYMENT_COUPON_612551;ENABLED;;;;2013-05-23T00:00:00;;true;0;PAYMENT_COUPONS;CODE;;;;true;;2013-05-23T00:00:00
1112;609572;612551;U61C1851437;PAYMENT_COUPON;PAYMENT_COUPON_612551;ENABLED;;;;2013-05-23T00:00:00;;true;0;PAYMENT_COUPONS;CODE;;;;true;;2013-05-23T00:00:00
1113;609572;612551;U61C1851438;PAYMENT_COUPON;PAYMENT_COUPON_612551;ENABLED;;;;2013-05-23T00:00:00;;true;0;PAYMENT_COUPONS;CODE;;;;true;;2013-05-23T00:00:00
1114;609572;612551;U61C1851439;PAYMENT_COUPON;PAYMENT_COUPON_612551;ENABLED;;;;2013-05-23T00:00:00;;true;0;PAYMENT_COUPONS;CODE;;;;true;;2013-05-23T00:00:00
1115;609572;612551;U61C1851440;PAYMENT_COUPON;PAYMENT_COUPON_612551;ENABLED;;;;2013-05-23T00:00:00;;true;0;PAYMENT_COUPONS;CODE;;;;true;;2013-05-23T00:00:00
1116;609572;612551;U61C1851441;PAYMENT_COUPON;PAYMENT_COUPON_612551;ENABLED;;;;2013-05-23T00:00:00;;true;0;PAYMENT_COUPONS;CODE;;;;true;;2013-05-23T00:00:00
1117;609572;612551;U61C1851442;PAYMENT_COUPON;PAYMENT_COUPON_612551;ENABLED;;;;2013-05-23T00:00:00;;true;0;PAYMENT_COUPONS;CODE;;;;true;;2013-05-23T00:00:00
1118;609572;612551;U61C1851443;PAYMENT_COUPON;PAYMENT_COUPON_612551;ENABLED;;;;2013-05-23T00:00:00;;true;0;PAYMENT_COUPONS;CODE;;;;true;;2013-05-23T00:00:00
1119;609572;612551;U61C1851444;PAYMENT_COUPON;PAYMENT_COUPON_612551;ENABLED;;;;2013-05-23T00:00:00;;true;0;PAYMENT_COUPONS;CODE;;;;true;;2013-05-23T00:00:00
1120;609572;612551;U61C1851445;PAYMENT_COUPON;PAYMENT_COUPON_612551;ENABLED;;;;2013-05-23T00:00:00;;true;0;PAYMENT_COUPONS;CODE;;;;true;;2013-05-23T00:00:00
1121;609572;612551;U61C1851446;PAYMENT_COUPON;PAYMENT_COUPON_612551;ENABLED;;;;2013-05-23T00:00:00;;true;0;PAYMENT_COUPONS;CODE;;;;true;;2013-05-23T00:00:00
1122;609572;612551;U61C1851447;PAYMENT_COUPON;PAYMENT_COUPON_612551;ENABLED;;;;2013-05-23T00:00:00;;true;0;PAYMENT_COUPONS;CODE;;;;true;;2013-05-23T00:00:00
1123;609572;612551;U61C1851448;PAYMENT_COUPON;PAYMENT_COUPON_612551;ENABLED;;;;2013-05-23T00:00:00;;true;0;PAYMENT_COUPONS;CODE;;;;true;;2013-05-23T00:00:00
1124;609572;612551;U61C1851449;PAYMENT_COUPON;PAYMENT_COUPON_612551;ENABLED;;;;2013-05-23T00:00:00;;true;0;PAYMENT_COUPONS;CODE;;;;true;;2013-05-23T00:00:00
1125;609572;612551;U61C1851450;PAYMENT_COUPON;PAYMENT_COUPON_612551;ENABLED;;;;2013-05-23T00:00:00;;true;0;PAYMENT_COUPONS;CODE;;;;true;;2013-05-23T00:00:00
1126;609572;612551;U61C1851451;PAYMENT_COUPON;PAYMENT_COUPON_612551;ENABLED;;;;2013-05-23T00:00:00;;true;0;PAYMENT_COUPONS;CODE;;;;true;;2013-05-23T00:00:00
1127;609572;612551;U61C1851452;PAYMENT_COUPON;PAYMENT_COUPON_612551;ENABLED;;;;2013-05-23T00:00:00;;true;0;PAYMENT_COUPONS;CODE;;;;true;;2013-05-23T00:00:00
1128;609572;612551;U61C1851453;PAYMENT_COUPON;PAYMENT_COUPON_612551;ENABLED;;;;2013-05-23T00:00:00;;true;0;PAYMENT_COUPONS;CODE;;;;true;;2013-05-23T00:00:00
1129;609572;612551;U61C1851454;PAYMENT_COUPON;PAYMENT_COUPON_612551;ENABLED;;;;2013-05-23T00:00:00;;true;0;PAYMENT_COUPONS;CODE;;;;true;;2013-05-23T00:00:00
1130;609572;612551;U61C1851455;PAYMENT_COUPON;PAYMENT_COUPON_612551;ENABLED;;;;2013-05-23T00:00:00;;true;0;PAYMENT_COUPONS;CODE;;;;true;;2013-05-23T00:00:00
1131;609572;612551;U61C1851456;PAYMENT_COUPON;PAYMENT_COUPON_612551;ENABLED;;;;2013-05-23T00:00:00;;true;0;PAYMENT_COUPONS;CODE;;;;true;;2013-05-23T00:00:00
1132;609572;612551;U61C1851457;PAYMENT_COUPON;PAYMENT_COUPON_612551;ENABLED;;;;2013-05-23T00:00:00;;true;0;PAYMENT_COUPONS;CODE;;;;true;;2013-05-23T00:00:00
1133;609572;612551;U61C1851458;PAYMENT_COUPON;PAYMENT_COUPON_612551;ENABLED;;;;2013-05-23T00:00:00;;true;0;PAYMENT_COUPONS;CODE;;;;true;;2013-05-23T00:00:00
1134;609572;612551;U61C1851459;PAYMENT_COUPON;PAYMENT_COUPON_612551;ENABLED;;;;2013-05-23T00:00:00;;true;0;PAYMENT_COUPONS;CODE;;;;true;;2013-05-23T00:00:00
1135;609572;612551;U61C1851460;PAYMENT_COUPON;PAYMENT_COUPON_612551;ENABLED;;;;2013-05-23T00:00:00;;true;0;PAYMENT_COUPONS;CODE;;;;true;;2013-05-23T00:00:00
1136;609572;612551;U61C1851461;PAYMENT_COUPON;PAYMENT_COUPON_612551;ENABLED;;;;2013-05-23T00:00:00;;true;0;PAYMENT_COUPONS;CODE;;;;true;;2013-05-23T00:00:00
1137;609572;612551;U61C1851462;PAYMENT_COUPON;PAYMENT_COUPON_612551;ENABLED;;;;2013-05-23T00:00:00;;true;0;PAYMENT_COUPONS;CODE;;;;true;;2013-05-23T00:00:00
1138;609572;612551;U61C1851463;PAYMENT_COUPON;PAYMENT_COUPON_612551;ENABLED;;;;2013-05-23T00:00:00;;true;0;PAYMENT_COUPONS;CODE;;;;true;;2013-05-23T00:00:00
1139;609572;612551;U61C1851464;PAYMENT_COUPON;PAYMENT_COUPON_612551;ENABLED;;;;2013-05-23T00:00:00;;true;0;PAYMENT_COUPONS;CODE;;;;true;;2013-05-23T00:00:00
1140;609572;612551;U61C1851465;PAYMENT_COUPON;PAYMENT_COUPON_612551;ENABLED;;;;2013-05-23T00:00:00;;true;0;PAYMENT_COUPONS;CODE;;;;true;;2013-05-23T00:00:00
1141;609572;612551;U61C1851466;PAYMENT_COUPON;PAYMENT_COUPON_612551;ENABLED;;;;2013-05-23T00:00:00;;true;0;PAYMENT_COUPONS;CODE;;;;true;;2013-05-23T00:00:00
1142;609572;612551;U61C1851467;PAYMENT_COUPON;PAYMENT_COUPON_612551;ENABLED;;;;2013-05-23T00:00:00;;true;0;PAYMENT_COUPONS;CODE;;;;true;;2013-05-23T00:00:00
1143;609572;612551;U61C1851468;PAYMENT_COUPON;PAYMENT_COUPON_612551;ENABLED;;;;2013-05-23T00:00:00;;true;0;PAYMENT_COUPONS;CODE;;;;true;;2013-05-23T00:00:00
1144;609572;612551;U61C1851469;PAYMENT_COUPON;PAYMENT_COUPON_612551;ENABLED;;;;2013-05-23T00:00:00;;true;0;PAYMENT_COUPONS;CODE;;;;true;;2013-05-23T00:00:00
1145;609572;612551;U61C1851470;PAYMENT_COUPON;PAYMENT_COUPON_612551;ENABLED;;;;2013-05-23T00:00:00;;true;0;PAYMENT_COUPONS;CODE;;;;true;;2013-05-23T00:00:00
1146;609572;612551;U61C1851471;PAYMENT_COUPON;PAYMENT_COUPON_612551;ENABLED;;;;2013-05-23T00:00:00;;true;0;PAYMENT_COUPONS;CODE;;;;true;;2013-05-23T00:00:00
1147;609572;612551;U61C1851472;PAYMENT_COUPON;PAYMENT_COUPON_612551;ENABLED;;;;2013-05-23T00:00:00;;true;0;PAYMENT_COUPONS;CODE;;;;true;;2013-05-23T00:00:00
1148;609572;612551;U61C1851473;PAYMENT_COUPON;PAYMENT_COUPON_612551;ENABLED;;;;2013-05-23T00:00:00;;true;0;PAYMENT_COUPONS;CODE;;;;true;;2013-05-23T00:00:00
1149;609572;612551;U61C1851474;PAYMENT_COUPON;PAYMENT_COUPON_612551;ENABLED;;;;2013-05-23T00:00:00;;true;0;PAYMENT_COUPONS;CODE;;;;true;;2013-05-23T00:00:00
1150;609572;612551;U61C1851475;PAYMENT_COUPON;PAYMENT_COUPON_612551;ENABLED;;;;2013-05-23T00:00:00;;true;0;PAYMENT_COUPONS;CODE;;;;true;;2013-05-23T00:00:00
1151;609572;612551;U61C1851476;PAYMENT_COUPON;PAYMENT_COUPON_612551;ENABLED;;;;2013-05-23T00:00:00;;true;0;PAYMENT_COUPONS;CODE;;;;true;;2013-05-23T00:00:00
1152;609572;612551;U61C1851477;PAYMENT_COUPON;PAYMENT_COUPON_612551;ENABLED;;;;2013-05-23T00:00:00;;true;0;PAYMENT_COUPONS;CODE;;;;true;;2013-05-23T00:00:00
1153;609572;612551;U61C1851478;PAYMENT_COUPON;PAYMENT_COUPON_612551;ENABLED;;;;2013-05-23T00:00:00;;true;0;PAYMENT_COUPONS;CODE;;;;true;;2013-05-23T00:00:00
1154;609572;612551;U61C1851479;PAYMENT_COUPON;PAYMENT_COUPON_612551;ENABLED;;;;2013-05-23T00:00:00;;true;0;PAYMENT_COUPONS;CODE;;;;true;;2013-05-23T00:00:00
1155;609572;612551;U61C1851480;PAYMENT_COUPON;PAYMENT_COUPON_612551;ENABLED;;;;2013-05-23T00:00:00;;true;0;PAYMENT_COUPONS;CODE;;;;true;;2013-05-23T00:00:00
1156;609572;612551;U61C1851481;PAYMENT_COUPON;PAYMENT_COUPON_612551;ENABLED;;;;2013-05-23T00:00:00;;true;0;PAYMENT_COUPONS;CODE;;;;true;;2013-05-23T00:00:00
1157;609572;612551;U61C1851482;PAYMENT_COUPON;PAYMENT_COUPON_612551;ENABLED;;;;2013-05-23T00:00:00;;true;0;PAYMENT_COUPONS;CODE;;;;true;;2013-05-23T00:00:00
1158;609572;612551;U61C1851483;PAYMENT_COUPON;PAYMENT_COUPON_612551;ENABLED;;;;2013-05-23T00:00:00;;true;0;PAYMENT_COUPONS;CODE;;;;true;;2013-05-23T00:00:00
1159;609572;612551;U61C1851484;PAYMENT_COUPON;PAYMENT_COUPON_612551;ENABLED;;;;2013-05-23T00:00:00;;true;0;PAYMENT_COUPONS;CODE;;;;true;;2013-05-23T00:00:00
1160;609572;612551;U61C1851485;PAYMENT_COUPON;PAYMENT_COUPON_612551;ENABLED;;;;2013-05-23T00:00:00;;true;0;PAYMENT_COUPONS;CODE;;;;true;;2013-05-23T00:00:00
1161;609572;612551;U61C1851486;PAYMENT_COUPON;PAYMENT_COUPON_612551;ENABLED;;;;2013-05-23T00:00:00;;true;0;PAYMENT_COUPONS;CODE;;;;true;;2013-05-23T00:00:00
1162;609572;612551;U61C1851487;PAYMENT_COUPON;PAYMENT_COUPON_612551;ENABLED;;;;2013-05-23T00:00:00;;true;0;PAYMENT_COUPONS;CODE;;;;true;;2013-05-23T00:00:00
1163;609572;612551;U61C1851488;PAYMENT_COUPON;PAYMENT_COUPON_612551;ENABLED;;;;2013-05-23T00:00:00;;true;0;PAYMENT_COUPONS;CODE;;;;true;;2013-05-23T00:00:00
1164;609572;612551;U61C1851489;PAYMENT_COUPON;PAYMENT_COUPON_612551;ENABLED;;;;2013-05-23T00:00:00;;true;0;PAYMENT_COUPONS;CODE;;;;true;;2013-05-23T00:00:00
1165;609572;612551;U61C1851490;PAYMENT_COUPON;PAYMENT_COUPON_612551;ENABLED;;;;2013-05-23T00:00:00;;true;0;PAYMENT_COUPONS;CODE;;;;true;;2013-05-23T00:00:00
1166;609572;612551;U61C1851491;PAYMENT_COUPON;PAYMENT_COUPON_612551;ENABLED;;;;2013-05-23T00:00:00;;true;0;PAYMENT_COUPONS;CODE;;;;true;;2013-05-23T00:00:00
1167;609572;612551;U61C1851492;PAYMENT_COUPON;PAYMENT_COUPON_612551;ENABLED;;;;2013-05-23T00:00:00;;true;0;PAYMENT_COUPONS;CODE;;;;true;;2013-05-23T00:00:00
1168;609572;612551;U61C1851493;PAYMENT_COUPON;PAYMENT_COUPON_612551;ENABLED;;;;2013-05-23T00:00:00;;true;0;PAYMENT_COUPONS;CODE;;;;true;;2013-05-23T00:00:00
1169;609572;612551;U61C1851494;PAYMENT_COUPON;PAYMENT_COUPON_612551;ENABLED;;;;2013-05-23T00:00:00;;true;0;PAYMENT_COUPONS;CODE;;;;true;;2013-05-23T00:00:00
1170;609572;612551;U61C1851495;PAYMENT_COUPON;PAYMENT_COUPON_612551;ENABLED;;;;2013-05-23T00:00:00;;true;0;PAYMENT_COUPONS;CODE;;;;true;;2013-05-23T00:00:00
1171;609572;612551;U61C1851496;PAYMENT_COUPON;PAYMENT_COUPON_612551;ENABLED;;;;2013-05-23T00:00:00;;true;0;PAYMENT_COUPONS;CODE;;;;true;;2013-05-23T00:00:00
1172;609572;612551;U61C1851497;PAYMENT_COUPON;PAYMENT_COUPON_612551;ENABLED;;;;2013-05-23T00:00:00;;true;0;PAYMENT_COUPONS;CODE;;;;true;;2013-05-23T00:00:00
1173;609572;612551;U61C1851498;PAYMENT_COUPON;PAYMENT_COUPON_612551;ENABLED;;;;2013-05-23T00:00:00;;true;0;PAYMENT_COUPONS;CODE;;;;true;;2013-05-23T00:00:00
1174;609572;612551;U61C1851499;PAYMENT_COUPON;PAYMENT_COUPON_612551;ENABLED;;;;2013-05-23T00:00:00;;true;0;PAYMENT_COUPONS;CODE;;;;true;;2013-05-23T00:00:00
1175;609572;612551;U61C1851500;PAYMENT_COUPON;PAYMENT_COUPON_612551;ENABLED;;;;2013-05-23T00:00:00;;true;0;PAYMENT_COUPONS;CODE;;;;true;;2013-05-23T00:00:00
1176;609572;612551;U61C1851501;PAYMENT_COUPON;PAYMENT_COUPON_612551;ENABLED;;;;2013-05-23T00:00:00;;true;0;PAYMENT_COUPONS;CODE;;;;true;;2013-05-23T00:00:00
1177;609572;612551;U61C1851502;PAYMENT_COUPON;PAYMENT_COUPON_612551;ENABLED;;;;2013-05-23T00:00:00;;true;0;PAYMENT_COUPONS;CODE;;;;true;;2013-05-23T00:00:00
1178;609572;612551;U61C1851503;PAYMENT_COUPON;PAYMENT_COUPON_612551;ENABLED;;;;2013-05-23T00:00:00;;true;0;PAYMENT_COUPONS;CODE;;;;true;;2013-05-23T00:00:00
1179;609572;612551;U61C1851504;PAYMENT_COUPON;PAYMENT_COUPON_612551;ENABLED;;;;2013-05-23T00:00:00;;true;0;PAYMENT_COUPONS;CODE;;;;true;;2013-05-23T00:00:00
1180;609572;612551;U61C1851505;PAYMENT_COUPON;PAYMENT_COUPON_612551;ENABLED;;;;2013-05-23T00:00:00;;true;0;PAYMENT_COUPONS;CODE;;;;true;;2013-05-23T00:00:00
1181;609572;612551;U61C1851506;PAYMENT_COUPON;PAYMENT_COUPON_612551;ENABLED;;;;2013-05-23T00:00:00;;true;0;PAYMENT_COUPONS;CODE;;;;true;;2013-05-23T00:00:00
1182;609572;612551;U61C1851507;PAYMENT_COUPON;PAYMENT_COUPON_612551;ENABLED;;;;2013-05-23T00:00:00;;true;0;PAYMENT_COUPONS;CODE;;;;true;;2013-05-23T00:00:00
1183;609572;612551;U61C1851508;PAYMENT_COUPON;PAYMENT_COUPON_612551;ENABLED;;;;2013-05-23T00:00:00;;true;0;PAYMENT_COUPONS;CODE;;;;true;;2013-05-23T00:00:00
1184;609572;612551;U61C1851509;PAYMENT_COUPON;PAYMENT_COUPON_612551;ENABLED;;;;2013-05-23T00:00:00;;true;0;PAYMENT_COUPONS;CODE;;;;true;;2013-05-23T00:00:00
1185;609572;612551;U61C1851510;PAYMENT_COUPON;PAYMENT_COUPON_612551;ENABLED;;;;2013-05-23T00:00:00;;true;0;PAYMENT_COUPONS;CODE;;;;true;;2013-05-23T00:00:00
1186;609572;612551;U61C1851511;PAYMENT_COUPON;PAYMENT_COUPON_612551;ENABLED;;;;2013-05-23T00:00:00;;true;0;PAYMENT_COUPONS;CODE;;;;true;;2013-05-23T00:00:00
1187;609572;612551;U61C1851512;PAYMENT_COUPON;PAYMENT_COUPON_612551;ENABLED;;;;2013-05-23T00:00:00;;true;0;PAYMENT_COUPONS;CODE;;;;true;;2013-05-23T00:00:00
1188;609572;612551;U61C1851513;PAYMENT_COUPON;PAYMENT_COUPON_612551;ENABLED;;;;2013-05-23T00:00:00;;true;0;PAYMENT_COUPONS;CODE;;;;true;;2013-05-23T00:00:00
1189;609572;612551;U61C1851514;PAYMENT_COUPON;PAYMENT_COUPON_612551;ENABLED;;;;2013-05-23T00:00:00;;true;0;PAYMENT_COUPONS;CODE;;;;true;;2013-05-23T00:00:00
1190;609572;612551;U61C1851515;PAYMENT_COUPON;PAYMENT_COUPON_612551;ENABLED;;;;2013-05-23T00:00:00;;true;0;PAYMENT_COUPONS;CODE;;;;true;;2013-05-23T00:00:00
1191;609572;612551;U61C1851516;PAYMENT_COUPON;PAYMENT_COUPON_612551;ENABLED;;;;2013-05-23T00:00:00;;true;0;PAYMENT_COUPONS;CODE;;;;true;;2013-05-23T00:00:00
1192;609572;612551;U61C1851517;PAYMENT_COUPON;PAYMENT_COUPON_612551;ENABLED;;;;2013-05-23T00:00:00;;true;0;PAYMENT_COUPONS;CODE;;;;true;;2013-05-23T00:00:00
1193;609572;612551;U61C1851518;PAYMENT_COUPON;PAYMENT_COUPON_612551;ENABLED;;;;2013-05-23T00:00:00;;true;0;PAYMENT_COUPONS;CODE;;;;true;;2013-05-23T00:00:00
1194;609572;612551;U61C1851519;PAYMENT_COUPON;PAYMENT_COUPON_612551;ENABLED;;;;2013-05-23T00:00:00;;true;0;PAYMENT_COUPONS;CODE;;;;true;;2013-05-23T00:00:00
1195;609572;612551;U61C1851520;PAYMENT_COUPON;PAYMENT_COUPON_612551;ENABLED;;;;2013-05-23T00:00:00;;true;0;PAYMENT_COUPONS;CODE;;;;true;;2013-05-23T00:00:00
1196;609572;612551;U61C1851521;PAYMENT_COUPON;PAYMENT_COUPON_612551;ENABLED;;;;2013-05-23T00:00:00;;true;0;PAYMENT_COUPONS;CODE;;;;true;;2013-05-23T00:00:00
1197;609572;612551;U61C1851522;PAYMENT_COUPON;PAYMENT_COUPON_612551;ENABLED;;;;2013-05-23T00:00:00;;true;0;PAYMENT_COUPONS;CODE;;;;true;;2013-05-23T00:00:00
1198;609572;612551;U61C1851523;PAYMENT_COUPON;PAYMENT_COUPON_612551;ENABLED;;;;2013-05-23T00:00:00;;true;0;PAYMENT_COUPONS;CODE;;;;true;;2013-05-23T00:00:00
1199;609572;612551;U61C1851524;PAYMENT_COUPON;PAYMENT_COUPON_612551;ENABLED;;;;2013-05-23T00:00:00;;true;0;PAYMENT_COUPONS;CODE;;;;true;;2013-05-23T00:00:00
1200;609572;612551;U61C1851525;PAYMENT_COUPON;PAYMENT_COUPON_612551;ENABLED;;;;2013-05-23T00:00:00;;true;0;PAYMENT_COUPONS;CODE;;;;true;;2013-05-23T00:00:00
1201;609572;612551;U61C1851526;PAYMENT_COUPON;PAYMENT_COUPON_612551;ENABLED;;;;2013-05-23T00:00:00;;true;0;PAYMENT_COUPONS;CODE;;;;true;;2013-05-23T00:00:00
1202;609572;612551;U61C1851527;PAYMENT_COUPON;PAYMENT_COUPON_612551;ENABLED;;;;2013-05-23T00:00:00;;true;0;PAYMENT_COUPONS;CODE;;;;true;;2013-05-23T00:00:00
1203;609572;612551;U61C1851528;PAYMENT_COUPON;PAYMENT_COUPON_612551;ENABLED;;;;2013-05-23T00:00:00;;true;0;PAYMENT_COUPONS;CODE;;;;true;;2013-05-23T00:00:00
1204;609572;612551;U61C1851529;PAYMENT_COUPON;PAYMENT_COUPON_612551;ENABLED;;;;2013-05-23T00:00:00;;true;0;PAYMENT_COUPONS;CODE;;;;true;;2013-05-23T00:00:00
1205;609572;612551;U61C1851530;PAYMENT_COUPON;PAYMENT_COUPON_612551;ENABLED;;;;2013-05-23T00:00:00;;true;0;PAYMENT_COUPONS;CODE;;;;true;;2013-05-23T00:00:00
1206;609572;612551;U61C1851531;PAYMENT_COUPON;PAYMENT_COUPON_612551;ENABLED;;;;2013-05-23T00:00:00;;true;0;PAYMENT_COUPONS;CODE;;;;true;;2013-05-23T00:00:00
1207;609572;612551;U61C1851532;PAYMENT_COUPON;PAYMENT_COUPON_612551;ENABLED;;;;2013-05-23T00:00:00;;true;0;PAYMENT_COUPONS;CODE;;;;true;;2013-05-23T00:00:00
1208;609572;612551;U61C1851533;PAYMENT_COUPON;PAYMENT_COUPON_612551;ENABLED;;;;2013-05-23T00:00:00;;true;0;PAYMENT_COUPONS;CODE;;;;true;;2013-05-23T00:00:00
1209;609572;612551;U61C1851534;PAYMENT_COUPON;PAYMENT_COUPON_612551;ENABLED;;;;2013-05-23T00:00:00;;true;0;PAYMENT_COUPONS;CODE;;;;true;;2013-05-23T00:00:00
1210;609572;612551;U61C1851535;PAYMENT_COUPON;PAYMENT_COUPON_612551;ENABLED;;;;2013-05-23T00:00:00;;true;0;PAYMENT_COUPONS;CODE;;;;true;;2013-05-23T00:00:00
1211;609572;612551;U61C1851536;PAYMENT_COUPON;PAYMENT_COUPON_612551;ENABLED;;;;2013-05-23T00:00:00;;true;0;PAYMENT_COUPONS;CODE;;;;true;;2013-05-23T00:00:00
1212;609572;612551;U61C1851537;PAYMENT_COUPON;PAYMENT_COUPON_612551;ENABLED;;;;2013-05-23T00:00:00;;true;0;PAYMENT_COUPONS;CODE;;;;true;;2013-05-23T00:00:00
1213;609572;612551;U61C1851538;PAYMENT_COUPON;PAYMENT_COUPON_612551;ENABLED;;;;2013-05-23T00:00:00;;true;0;PAYMENT_COUPONS;CODE;;;;true;;2013-05-23T00:00:00
1214;609572;612551;U61C1851539;PAYMENT_COUPON;PAYMENT_COUPON_612551;ENABLED;;;;2013-05-23T00:00:00;;true;0;PAYMENT_COUPONS;CODE;;;;true;;2013-05-23T00:00:00
1215;609572;612551;U61C1851540;PAYMENT_COUPON;PAYMENT_COUPON_612551;ENABLED;;;;2013-05-23T00:00:00;;true;0;PAYMENT_COUPONS;CODE;;;;true;;2013-05-23T00:00:00
1216;609572;612551;U61C1851541;PAYMENT_COUPON;PAYMENT_COUPON_612551;ENABLED;;;;2013-05-23T00:00:00;;true;0;PAYMENT_COUPONS;CODE;;;;true;;2013-05-23T00:00:00
1217;609572;612551;U61C1851542;PAYMENT_COUPON;PAYMENT_COUPON_612551;ENABLED;;;;2013-05-23T00:00:00;;true;0;PAYMENT_COUPONS;CODE;;;;true;;2013-05-23T00:00:00
1218;609572;612551;U61C1851543;PAYMENT_COUPON;PAYMENT_COUPON_612551;ENABLED;;;;2013-05-23T00:00:00;;true;0;PAYMENT_COUPONS;CODE;;;;true;;2013-05-23T00:00:00
1219;609572;612551;U61C1851544;PAYMENT_COUPON;PAYMENT_COUPON_612551;ENABLED;;;;2013-05-23T00:00:00;;true;0;PAYMENT_COUPONS;CODE;;;;true;;2013-05-23T00:00:00
1220;609572;612551;U61C1851545;PAYMENT_COUPON;PAYMENT_COUPON_612551;ENABLED;;;;2013-05-23T00:00:00;;true;0;PAYMENT_COUPONS;CODE;;;;true;;2013-05-23T00:00:00
1221;609572;612551;U61C1851546;PAYMENT_COUPON;PAYMENT_COUPON_612551;ENABLED;;;;2013-05-23T00:00:00;;true;0;PAYMENT_COUPONS;CODE;;;;true;;2013-05-23T00:00:00
1222;609572;612551;U61C1851547;PAYMENT_COUPON;PAYMENT_COUPON_612551;ENABLED;;;;2013-05-23T00:00:00;;true;0;PAYMENT_COUPONS;CODE;;;;true;;2013-05-23T00:00:00
1223;609572;612551;U61C1851548;PAYMENT_COUPON;PAYMENT_COUPON_612551;ENABLED;;;;2013-05-23T00:00:00;;true;0;PAYMENT_COUPONS;CODE;;;;true;;2013-05-23T00:00:00
1224;609572;612551;U61C1851549;PAYMENT_COUPON;PAYMENT_COUPON_612551;ENABLED;;;;2013-05-23T00:00:00;;true;0;PAYMENT_COUPONS;CODE;;;;true;;2013-05-23T00:00:00
1225;609572;612551;U61C1851550;PAYMENT_COUPON;PAYMENT_COUPON_612551;ENABLED;;;;2013-05-23T00:00:00;;true;0;PAYMENT_COUPONS;CODE;;;;true;;2013-05-23T00:00:00
1226;609572;612551;U61C1851551;PAYMENT_COUPON;PAYMENT_COUPON_612551;ENABLED;;;;2013-05-23T00:00:00;;true;0;PAYMENT_COUPONS;CODE;;;;true;;2013-05-23T00:00:00
1227;609572;612551;U61C1851552;PAYMENT_COUPON;PAYMENT_COUPON_612551;ENABLED;;;;2013-05-23T00:00:00;;true;0;PAYMENT_COUPONS;CODE;;;;true;;2013-05-23T00:00:00
1228;609572;612551;U61C1851553;PAYMENT_COUPON;PAYMENT_COUPON_612551;ENABLED;;;;2013-05-23T00:00:00;;true;0;PAYMENT_COUPONS;CODE;;;;true;;2013-05-23T00:00:00
1229;609572;612551;U61C1851554;PAYMENT_COUPON;PAYMENT_COUPON_612551;ENABLED;;;;2013-05-23T00:00:00;;true;0;PAYMENT_COUPONS;CODE;;;;true;;2013-05-23T00:00:00
1230;609572;612551;U61C1851555;PAYMENT_COUPON;PAYMENT_COUPON_612551;ENABLED;;;;2013-05-23T00:00:00;;true;0;PAYMENT_COUPONS;CODE;;;;true;;2013-05-23T00:00:00
1231;609572;612551;U61C1851556;PAYMENT_COUPON;PAYMENT_COUPON_612551;ENABLED;;;;2013-05-23T00:00:00;;true;0;PAYMENT_COUPONS;CODE;;;;true;;2013-05-23T00:00:00
1232;609572;612551;U61C1851557;PAYMENT_COUPON;PAYMENT_COUPON_612551;ENABLED;;;;2013-05-23T00:00:00;;true;0;PAYMENT_COUPONS;CODE;;;;true;;2013-05-23T00:00:00
1233;609572;612551;U61C1851558;PAYMENT_COUPON;PAYMENT_COUPON_612551;ENABLED;;;;2013-05-23T00:00:00;;true;0;PAYMENT_COUPONS;CODE;;;;true;;2013-05-23T00:00:00
1234;609572;612551;U61C1851559;PAYMENT_COUPON;PAYMENT_COUPON_612551;ENABLED;;;;2013-05-23T00:00:00;;true;0;PAYMENT_COUPONS;CODE;;;;true;;2013-05-23T00:00:00
1235;609572;612551;U61C1851560;PAYMENT_COUPON;PAYMENT_COUPON_612551;ENABLED;;;;2013-05-23T00:00:00;;true;0;PAYMENT_COUPONS;CODE;;;;true;;2013-05-23T00:00:00
1236;609572;612551;U61C1851561;PAYMENT_COUPON;PAYMENT_COUPON_612551;ENABLED;;;;2013-05-23T00:00:00;;true;0;PAYMENT_COUPONS;CODE;;;;true;;2013-05-23T00:00:00
1237;609572;612551;U61C1851562;PAYMENT_COUPON;PAYMENT_COUPON_612551;ENABLED;;;;2013-05-23T00:00:00;;true;0;PAYMENT_COUPONS;CODE;;;;true;;2013-05-23T00:00:00
1238;609572;612551;U61C1851563;PAYMENT_COUPON;PAYMENT_COUPON_612551;ENABLED;;;;2013-05-23T00:00:00;;true;0;PAYMENT_COUPONS;CODE;;;;true;;2013-05-23T00:00:00
1239;609572;612551;U61C1851564;PAYMENT_COUPON;PAYMENT_COUPON_612551;ENABLED;;;;2013-05-23T00:00:00;;true;0;PAYMENT_COUPONS;CODE;;;;true;;2013-05-23T00:00:00
1240;609572;612551;U61C1851565;PAYMENT_COUPON;PAYMENT_COUPON_612551;ENABLED;;;;2013-05-23T00:00:00;;true;0;PAYMENT_COUPONS;CODE;;;;true;;2013-05-23T00:00:00
1241;609572;612551;U61C1851566;PAYMENT_COUPON;PAYMENT_COUPON_612551;ENABLED;;;;2013-05-23T00:00:00;;true;0;PAYMENT_COUPONS;CODE;;;;true;;2013-05-23T00:00:00
1242;609572;612551;U61C1851567;PAYMENT_COUPON;PAYMENT_COUPON_612551;ENABLED;;;;2013-05-23T00:00:00;;true;0;PAYMENT_COUPONS;CODE;;;;true;;2013-05-23T00:00:00
1243;609572;612551;U61C1851568;PAYMENT_COUPON;PAYMENT_COUPON_612551;ENABLED;;;;2013-05-23T00:00:00;;true;0;PAYMENT_COUPONS;CODE;;;;true;;2013-05-23T00:00:00
1244;609572;612551;U61C1851569;PAYMENT_COUPON;PAYMENT_COUPON_612551;ENABLED;;;;2013-05-23T00:00:00;;true;0;PAYMENT_COUPONS;CODE;;;;true;;2013-05-23T00:00:00
1245;609572;612551;U61C1851570;PAYMENT_COUPON;PAYMENT_COUPON_612551;ENABLED;;;;2013-05-23T00:00:00;;true;0;PAYMENT_COUPONS;CODE;;;;true;;2013-05-23T00:00:00
1246;609572;612551;U61C1851571;PAYMENT_COUPON;PAYMENT_COUPON_612551;ENABLED;;;;2013-05-23T00:00:00;;true;0;PAYMENT_COUPONS;CODE;;;;true;;2013-05-23T00:00:00
1247;609572;612551;U61C1851572;PAYMENT_COUPON;PAYMENT_COUPON_612551;ENABLED;;;;2013-05-23T00:00:00;;true;0;PAYMENT_COUPONS;CODE;;;;true;;2013-05-23T00:00:00
1248;609572;612551;U61C1851573;PAYMENT_COUPON;PAYMENT_COUPON_612551;ENABLED;;;;2013-05-23T00:00:00;;true;0;PAYMENT_COUPONS;CODE;;;;true;;2013-05-23T00:00:00
1249;609572;612551;U61C1851574;PAYMENT_COUPON;PAYMENT_COUPON_612551;ENABLED;;;;2013-05-23T00:00:00;;true;0;PAYMENT_COUPONS;CODE;;;;true;;2013-05-23T00:00:00
1250;609572;612551;U61C1851575;PAYMENT_COUPON;PAYMENT_COUPON_612551;ENABLED;;;;2013-05-23T00:00:00;;true;0;PAYMENT_COUPONS;CODE;;;;true;;2013-05-23T00:00:00
1251;609572;612551;U61C1851576;PAYMENT_COUPON;PAYMENT_COUPON_612551;ENABLED;;;;2013-05-23T00:00:00;;true;0;PAYMENT_COUPONS;CODE;;;;true;;2013-05-23T00:00:00
1252;609572;612551;U61C1851577;PAYMENT_COUPON;PAYMENT_COUPON_612551;ENABLED;;;;2013-05-23T00:00:00;;true;0;PAYMENT_COUPONS;CODE;;;;true;;2013-05-23T00:00:00
1253;609572;612551;U61C1851578;PAYMENT_COUPON;PAYMENT_COUPON_612551;ENABLED;;;;2013-05-23T00:00:00;;true;0;PAYMENT_COUPONS;CODE;;;;true;;2013-05-23T00:00:00
1254;609572;612551;U61C1851579;PAYMENT_COUPON;PAYMENT_COUPON_612551;ENABLED;;;;2013-05-23T00:00:00;;true;0;PAYMENT_COUPONS;CODE;;;;true;;2013-05-23T00:00:00
1255;609572;612551;U61C1851580;PAYMENT_COUPON;PAYMENT_COUPON_612551;ENABLED;;;;2013-05-23T00:00:00;;true;0;PAYMENT_COUPONS;CODE;;;;true;;2013-05-23T00:00:00
1256;609572;612551;U61C1851581;PAYMENT_COUPON;PAYMENT_COUPON_612551;ENABLED;;;;2013-05-23T00:00:00;;true;0;PAYMENT_COUPONS;CODE;;;;true;;2013-05-23T00:00:00
1257;609572;612551;U61C1851582;PAYMENT_COUPON;PAYMENT_COUPON_612551;ENABLED;;;;2013-05-23T00:00:00;;true;0;PAYMENT_COUPONS;CODE;;;;true;;2013-05-23T00:00:00
1258;609572;612551;U61C1851583;PAYMENT_COUPON;PAYMENT_COUPON_612551;ENABLED;;;;2013-05-23T00:00:00;;true;0;PAYMENT_COUPONS;CODE;;;;true;;2013-05-23T00:00:00
1259;609572;612551;U61C1851584;PAYMENT_COUPON;PAYMENT_COUPON_612551;ENABLED;;;;2013-05-23T00:00:00;;true;0;PAYMENT_COUPONS;CODE;;;;true;;2013-05-23T00:00:00
1260;609572;612551;U61C1851585;PAYMENT_COUPON;PAYMENT_COUPON_612551;ENABLED;;;;2013-05-23T00:00:00;;true;0;PAYMENT_COUPONS;CODE;;;;true;;2013-05-23T00:00:00
1261;609572;612551;U61C1851586;PAYMENT_COUPON;PAYMENT_COUPON_612551;ENABLED;;;;2013-05-23T00:00:00;;true;0;PAYMENT_COUPONS;CODE;;;;true;;2013-05-23T00:00:00
1262;609572;612551;U61C1851587;PAYMENT_COUPON;PAYMENT_COUPON_612551;ENABLED;;;;2013-05-23T00:00:00;;true;0;PAYMENT_COUPONS;CODE;;;;true;;2013-05-23T00:00:00
1263;609572;612551;U61C1851588;PAYMENT_COUPON;PAYMENT_COUPON_612551;ENABLED;;;;2013-05-23T00:00:00;;true;0;PAYMENT_COUPONS;CODE;;;;true;;2013-05-23T00:00:00
1264;609572;612551;U61C1851589;PAYMENT_COUPON;PAYMENT_COUPON_612551;ENABLED;;;;2013-05-23T00:00:00;;true;0;PAYMENT_COUPONS;CODE;;;;true;;2013-05-23T00:00:00
1265;609572;612551;U61C1851590;PAYMENT_COUPON;PAYMENT_COUPON_612551;ENABLED;;;;2013-05-23T00:00:00;;true;0;PAYMENT_COUPONS;CODE;;;;true;;2013-05-23T00:00:00
1266;609572;612551;U61C1851591;PAYMENT_COUPON;PAYMENT_COUPON_612551;ENABLED;;;;2013-05-23T00:00:00;;true;0;PAYMENT_COUPONS;CODE;;;;true;;2013-05-23T00:00:00
1267;609572;612551;U61C1851592;PAYMENT_COUPON;PAYMENT_COUPON_612551;ENABLED;;;;2013-05-23T00:00:00;;true;0;PAYMENT_COUPONS;CODE;;;;true;;2013-05-23T00:00:00
1268;609572;612551;U61C1851593;PAYMENT_COUPON;PAYMENT_COUPON_612551;ENABLED;;;;2013-05-23T00:00:00;;true;0;PAYMENT_COUPONS;CODE;;;;true;;2013-05-23T00:00:00
1269;609572;612551;U61C1851594;PAYMENT_COUPON;PAYMENT_COUPON_612551;ENABLED;;;;2013-05-23T00:00:00;;true;0;PAYMENT_COUPONS;CODE;;;;true;;2013-05-23T00:00:00
1270;609572;612551;U61C1851595;PAYMENT_COUPON;PAYMENT_COUPON_612551;ENABLED;;;;2013-05-23T00:00:00;;true;0;PAYMENT_COUPONS;CODE;;;;true;;2013-05-23T00:00:00
1271;609572;612551;U61C1851596;PAYMENT_COUPON;PAYMENT_COUPON_612551;ENABLED;;;;2013-05-23T00:00:00;;true;0;PAYMENT_COUPONS;CODE;;;;true;;2013-05-23T00:00:00
1272;609572;612551;U61C1851597;PAYMENT_COUPON;PAYMENT_COUPON_612551;ENABLED;;;;2013-05-23T00:00:00;;true;0;PAYMENT_COUPONS;CODE;;;;true;;2013-05-23T00:00:00
1273;609572;612551;U61C1851598;PAYMENT_COUPON;PAYMENT_COUPON_612551;ENABLED;;;;2013-05-23T00:00:00;;true;0;PAYMENT_COUPONS;CODE;;;;true;;2013-05-23T00:00:00
1274;609572;612551;U61C1851599;PAYMENT_COUPON;PAYMENT_COUPON_612551;ENABLED;;;;2013-05-23T00:00:00;;true;0;PAYMENT_COUPONS;CODE;;;;true;;2013-05-23T00:00:00
1275;609572;612551;U61C1851600;PAYMENT_COUPON;PAYMENT_COUPON_612551;ENABLED;;;;2013-05-23T00:00:00;;true;0;PAYMENT_COUPONS;CODE;;;;true;;2013-05-23T00:00:00
1276;609572;612551;U61C1851601;PAYMENT_COUPON;PAYMENT_COUPON_612551;ENABLED;;;;2013-05-23T00:00:00;;true;0;PAYMENT_COUPONS;CODE;;;;true;;2013-05-23T00:00:00
1277;609572;612551;U61C1851602;PAYMENT_COUPON;PAYMENT_COUPON_612551;ENABLED;;;;2013-05-23T00:00:00;;true;0;PAYMENT_COUPONS;CODE;;;;true;;2013-05-23T00:00:00
1278;609572;612551;U61C1851603;PAYMENT_COUPON;PAYMENT_COUPON_612551;ENABLED;;;;2013-05-23T00:00:00;;true;0;PAYMENT_COUPONS;CODE;;;;true;;2013-05-23T00:00:00
1279;609572;612551;U61C1851604;PAYMENT_COUPON;PAYMENT_COUPON_612551;ENABLED;;;;2013-05-23T00:00:00;;true;0;PAYMENT_COUPONS;CODE;;;;true;;2013-05-23T00:00:00
1280;609572;612551;U61C1851605;PAYMENT_COUPON;PAYMENT_COUPON_612551;ENABLED;;;;2013-05-23T00:00:00;;true;0;PAYMENT_COUPONS;CODE;;;;true;;2013-05-23T00:00:00
1281;609572;612551;U61C1851606;PAYMENT_COUPON;PAYMENT_COUPON_612551;ENABLED;;;;2013-05-23T00:00:00;;true;0;PAYMENT_COUPONS;CODE;;;;true;;2013-05-23T00:00:00
1282;609572;612551;U61C1851607;PAYMENT_COUPON;PAYMENT_COUPON_612551;ENABLED;;;;2013-05-23T00:00:00;;true;0;PAYMENT_COUPONS;CODE;;;;true;;2013-05-23T00:00:00
1283;609572;612551;U61C1851608;PAYMENT_COUPON;PAYMENT_COUPON_612551;ENABLED;;;;2013-05-23T00:00:00;;true;0;PAYMENT_COUPONS;CODE;;;;true;;2013-05-23T00:00:00
1284;609572;612551;U61C1851609;PAYMENT_COUPON;PAYMENT_COUPON_612551;ENABLED;;;;2013-05-23T00:00:00;;true;0;PAYMENT_COUPONS;CODE;;;;true;;2013-05-23T00:00:00
1285;609572;612551;U61C1851610;PAYMENT_COUPON;PAYMENT_COUPON_612551;ENABLED;;;;2013-05-23T00:00:00;;true;0;PAYMENT_COUPONS;CODE;;;;true;;2013-05-23T00:00:00
1286;609572;612551;U61C1851611;PAYMENT_COUPON;PAYMENT_COUPON_612551;ENABLED;;;;2013-05-23T00:00:00;;true;0;PAYMENT_COUPONS;CODE;;;;true;;2013-05-23T00:00:00
1287;609572;612551;U61C1851612;PAYMENT_COUPON;PAYMENT_COUPON_612551;ENABLED;;;;2013-05-23T00:00:00;;true;0;PAYMENT_COUPONS;CODE;;;;true;;2013-05-23T00:00:00
1288;609572;612551;U61C1851613;PAYMENT_COUPON;PAYMENT_COUPON_612551;ENABLED;;;;2013-05-23T00:00:00;;true;0;PAYMENT_COUPONS;CODE;;;;true;;2013-05-23T00:00:00
1289;609572;612551;U61C1851614;PAYMENT_COUPON;PAYMENT_COUPON_612551;ENABLED;;;;2013-05-23T00:00:00;;true;0;PAYMENT_COUPONS;CODE;;;;true;;2013-05-23T00:00:00
1290;609572;612551;U61C1851615;PAYMENT_COUPON;PAYMENT_COUPON_612551;ENABLED;;;;2013-05-23T00:00:00;;true;0;PAYMENT_COUPONS;CODE;;;;true;;2013-05-23T00:00:00
1291;609572;612551;U61C1851616;PAYMENT_COUPON;PAYMENT_COUPON_612551;ENABLED;;;;2013-05-23T00:00:00;;true;0;PAYMENT_COUPONS;CODE;;;;true;;2013-05-23T00:00:00
1292;609572;612551;U61C1851617;PAYMENT_COUPON;PAYMENT_COUPON_612551;ENABLED;;;;2013-05-23T00:00:00;;true;0;PAYMENT_COUPONS;CODE;;;;true;;2013-05-23T00:00:00
1293;609572;612551;U61C1851618;PAYMENT_COUPON;PAYMENT_COUPON_612551;ENABLED;;;;2013-05-23T00:00:00;;true;0;PAYMENT_COUPONS;CODE;;;;true;;2013-05-23T00:00:00
1294;609572;612551;U61C1851619;PAYMENT_COUPON;PAYMENT_COUPON_612551;ENABLED;;;;2013-05-23T00:00:00;;true;0;PAYMENT_COUPONS;CODE;;;;true;;2013-05-23T00:00:00
1295;609572;612551;U61C1851620;PAYMENT_COUPON;PAYMENT_COUPON_612551;ENABLED;;;;2013-05-23T00:00:00;;true;0;PAYMENT_COUPONS;CODE;;;;true;;2013-05-23T00:00:00
1296;609572;612551;U61C1851621;PAYMENT_COUPON;PAYMENT_COUPON_612551;ENABLED;;;;2013-05-23T00:00:00;;true;0;PAYMENT_COUPONS;CODE;;;;true;;2013-05-23T00:00:00
1297;609572;612551;U61C1851622;PAYMENT_COUPON;PAYMENT_COUPON_612551;ENABLED;;;;2013-05-23T00:00:00;;true;0;PAYMENT_COUPONS;CODE;;;;true;;2013-05-23T00:00:00
1298;609572;612551;U61C1851623;PAYMENT_COUPON;PAYMENT_COUPON_612551;ENABLED;;;;2013-05-23T00:00:00;;true;0;PAYMENT_COUPONS;CODE;;;;true;;2013-05-23T00:00:00
1299;609572;612551;U61C1851624;PAYMENT_COUPON;PAYMENT_COUPON_612551;ENABLED;;;;2013-05-23T00:00:00;;true;0;PAYMENT_COUPONS;CODE;;;;true;;2013-05-23T00:00:00
1300;609572;612551;U61C1851625;PAYMENT_COUPON;PAYMENT_COUPON_612551;ENABLED;;;;2013-05-23T00:00:00;;true;0;PAYMENT_COUPONS;CODE;;;;true;;2013-05-23T00:00:00
1301;609572;612551;U61C1851626;PAYMENT_COUPON;PAYMENT_COUPON_612551;ENABLED;;;;2013-05-23T00:00:00;;true;0;PAYMENT_COUPONS;CODE;;;;true;;2013-05-23T00:00:00
1302;609572;612551;U61C1851627;PAYMENT_COUPON;PAYMENT_COUPON_612551;ENABLED;;;;2013-05-23T00:00:00;;true;0;PAYMENT_COUPONS;CODE;;;;true;;2013-05-23T00:00:00
1303;609572;612551;U61C1851628;PAYMENT_COUPON;PAYMENT_COUPON_612551;ENABLED;;;;2013-05-23T00:00:00;;true;0;PAYMENT_COUPONS;CODE;;;;true;;2013-05-23T00:00:00
1304;609572;612551;U61C1851629;PAYMENT_COUPON;PAYMENT_COUPON_612551;ENABLED;;;;2013-05-23T00:00:00;;true;0;PAYMENT_COUPONS;CODE;;;;true;;2013-05-23T00:00:00
1305;609572;612551;U61C1851630;PAYMENT_COUPON;PAYMENT_COUPON_612551;ENABLED;;;;2013-05-23T00:00:00;;true;0;PAYMENT_COUPONS;CODE;;;;true;;2013-05-23T00:00:00
1306;609572;612551;U61C1851631;PAYMENT_COUPON;PAYMENT_COUPON_612551;ENABLED;;;;2013-05-23T00:00:00;;true;0;PAYMENT_COUPONS;CODE;;;;true;;2013-05-23T00:00:00
1307;609572;612551;U61C1851632;PAYMENT_COUPON;PAYMENT_COUPON_612551;ENABLED;;;;2013-05-23T00:00:00;;true;0;PAYMENT_COUPONS;CODE;;;;true;;2013-05-23T00:00:00
1308;609572;612551;U61C1851633;PAYMENT_COUPON;PAYMENT_COUPON_612551;ENABLED;;;;2013-05-23T00:00:00;;true;0;PAYMENT_COUPONS;CODE;;;;true;;2013-05-23T00:00:00
1309;609572;612551;U61C1851634;PAYMENT_COUPON;PAYMENT_COUPON_612551;ENABLED;;;;2013-05-23T00:00:00;;true;0;PAYMENT_COUPONS;CODE;;;;true;;2013-05-23T00:00:00
1310;609572;612551;U61C1851635;PAYMENT_COUPON;PAYMENT_COUPON_612551;ENABLED;;;;2013-05-23T00:00:00;;true;0;PAYMENT_COUPONS;CODE;;;;true;;2013-05-23T00:00:00
1311;609572;612551;U61C1851636;PAYMENT_COUPON;PAYMENT_COUPON_612551;ENABLED;;;;2013-05-23T00:00:00;;true;0;PAYMENT_COUPONS;CODE;;;;true;;2013-05-23T00:00:00
1312;609572;612551;U61C1851637;PAYMENT_COUPON;PAYMENT_COUPON_612551;ENABLED;;;;2013-05-23T00:00:00;;true;0;PAYMENT_COUPONS;CODE;;;;true;;2013-05-23T00:00:00
1313;609572;612551;U61C1851638;PAYMENT_COUPON;PAYMENT_COUPON_612551;ENABLED;;;;2013-05-23T00:00:00;;true;0;PAYMENT_COUPONS;CODE;;;;true;;2013-05-23T00:00:00
1314;609572;612551;U61C1851639;PAYMENT_COUPON;PAYMENT_COUPON_612551;ENABLED;;;;2013-05-23T00:00:00;;true;0;PAYMENT_COUPONS;CODE;;;;true;;2013-05-23T00:00:00
1315;609572;612551;U61C1851640;PAYMENT_COUPON;PAYMENT_COUPON_612551;ENABLED;;;;2013-05-23T00:00:00;;true;0;PAYMENT_COUPONS;CODE;;;;true;;2013-05-23T00:00:00
1316;609572;612551;U61C1851641;PAYMENT_COUPON;PAYMENT_COUPON_612551;ENABLED;;;;2013-05-23T00:00:00;;true;0;PAYMENT_COUPONS;CODE;;;;true;;2013-05-23T00:00:00
1317;609572;612551;U61C1851642;PAYMENT_COUPON;PAYMENT_COUPON_612551;ENABLED;;;;2013-05-23T00:00:00;;true;0;PAYMENT_COUPONS;CODE;;;;true;;2013-05-23T00:00:00
1318;609572;612551;U61C1851643;PAYMENT_COUPON;PAYMENT_COUPON_612551;ENABLED;;;;2013-05-23T00:00:00;;true;0;PAYMENT_COUPONS;CODE;;;;true;;2013-05-23T00:00:00
1319;609572;612551;U61C1851644;PAYMENT_COUPON;PAYMENT_COUPON_612551;ENABLED;;;;2013-05-23T00:00:00;;true;0;PAYMENT_COUPONS;CODE;;;;true;;2013-05-23T00:00:00
1320;609572;612551;U61C1851645;PAYMENT_COUPON;PAYMENT_COUPON_612551;ENABLED;;;;2013-05-23T00:00:00;;true;0;PAYMENT_COUPONS;CODE;;;;true;;2013-05-23T00:00:00
1321;609572;612551;U61C1851646;PAYMENT_COUPON;PAYMENT_COUPON_612551;ENABLED;;;;2013-05-23T00:00:00;;true;0;PAYMENT_COUPONS;CODE;;;;true;;2013-05-23T00:00:00
1322;609572;612551;U61C1851647;PAYMENT_COUPON;PAYMENT_COUPON_612551;ENABLED;;;;2013-05-23T00:00:00;;true;0;PAYMENT_COUPONS;CODE;;;;true;;2013-05-23T00:00:00
1323;609572;612551;U61C1851648;PAYMENT_COUPON;PAYMENT_COUPON_612551;ENABLED;;;;2013-05-23T00:00:00;;true;0;PAYMENT_COUPONS;CODE;;;;true;;2013-05-23T00:00:00
1324;609572;612551;U61C1851649;PAYMENT_COUPON;PAYMENT_COUPON_612551;ENABLED;;;;2013-05-23T00:00:00;;true;0;PAYMENT_COUPONS;CODE;;;;true;;2013-05-23T00:00:00
1325;609572;612551;U61C1851650;PAYMENT_COUPON;PAYMENT_COUPON_612551;ENABLED;;;;2013-05-23T00:00:00;;true;0;PAYMENT_COUPONS;CODE;;;;true;;2013-05-23T00:00:00
1326;609572;612551;U61C1851651;PAYMENT_COUPON;PAYMENT_COUPON_612551;ENABLED;;;;2013-05-23T00:00:00;;true;0;PAYMENT_COUPONS;CODE;;;;true;;2013-05-23T00:00:00
1327;609572;612551;U61C1851652;PAYMENT_COUPON;PAYMENT_COUPON_612551;ENABLED;;;;2013-05-23T00:00:00;;true;0;PAYMENT_COUPONS;CODE;;;;true;;2013-05-23T00:00:00
1328;609572;612551;U61C1851653;PAYMENT_COUPON;PAYMENT_COUPON_612551;ENABLED;;;;2013-05-23T00:00:00;;true;0;PAYMENT_COUPONS;CODE;;;;true;;2013-05-23T00:00:00
1329;609572;612551;U61C1851654;PAYMENT_COUPON;PAYMENT_COUPON_612551;ENABLED;;;;2013-05-23T00:00:00;;true;0;PAYMENT_COUPONS;CODE;;;;true;;2013-05-23T00:00:00
1330;609572;612551;U61C1851655;PAYMENT_COUPON;PAYMENT_COUPON_612551;ENABLED;;;;2013-05-23T00:00:00;;true;0;PAYMENT_COUPONS;CODE;;;;true;;2013-05-23T00:00:00
1331;609572;612551;U61C1851656;PAYMENT_COUPON;PAYMENT_COUPON_612551;ENABLED;;;;2013-05-23T00:00:00;;true;0;PAYMENT_COUPONS;CODE;;;;true;;2013-05-23T00:00:00
1332;609572;612551;U61C1851657;PAYMENT_COUPON;PAYMENT_COUPON_612551;ENABLED;;;;2013-05-23T00:00:00;;true;0;PAYMENT_COUPONS;CODE;;;;true;;2013-05-23T00:00:00
1333;609572;612551;U61C1851658;PAYMENT_COUPON;PAYMENT_COUPON_612551;ENABLED;;;;2013-05-23T00:00:00;;true;0;PAYMENT_COUPONS;CODE;;;;true;;2013-05-23T00:00:00
1334;609572;612551;U61C1851659;PAYMENT_COUPON;PAYMENT_COUPON_612551;ENABLED;;;;2013-05-23T00:00:00;;true;0;PAYMENT_COUPONS;CODE;;;;true;;2013-05-23T00:00:00
1335;609572;612551;U61C1851660;PAYMENT_COUPON;PAYMENT_COUPON_612551;ENABLED;;;;2013-05-23T00:00:00;;true;0;PAYMENT_COUPONS;CODE;;;;true;;2013-05-23T00:00:00
1336;609572;612551;U61C1851661;PAYMENT_COUPON;PAYMENT_COUPON_612551;ENABLED;;;;2013-05-23T00:00:00;;true;0;PAYMENT_COUPONS;CODE;;;;true;;2013-05-23T00:00:00
1337;609572;612551;U61C1851662;PAYMENT_COUPON;PAYMENT_COUPON_612551;ENABLED;;;;2013-05-23T00:00:00;;true;0;PAYMENT_COUPONS;CODE;;;;true;;2013-05-23T00:00:00
1338;609572;612551;U61C1851663;PAYMENT_COUPON;PAYMENT_COUPON_612551;ENABLED;;;;2013-05-23T00:00:00;;true;0;PAYMENT_COUPONS;CODE;;;;true;;2013-05-23T00:00:00
1339;609572;612551;U61C1851664;PAYMENT_COUPON;PAYMENT_COUPON_612551;ENABLED;;;;2013-05-23T00:00:00;;true;0;PAYMENT_COUPONS;CODE;;;;true;;2013-05-23T00:00:00
1340;609572;612551;U61C1851665;PAYMENT_COUPON;PAYMENT_COUPON_612551;ENABLED;;;;2013-05-23T00:00:00;;true;0;PAYMENT_COUPONS;CODE;;;;true;;2013-05-23T00:00:00
1341;609572;612551;U61C1851666;PAYMENT_COUPON;PAYMENT_COUPON_612551;ENABLED;;;;2013-05-23T00:00:00;;true;0;PAYMENT_COUPONS;CODE;;;;true;;2013-05-23T00:00:00
1342;609572;612551;U61C1851667;PAYMENT_COUPON;PAYMENT_COUPON_612551;ENABLED;;;;2013-05-23T00:00:00;;true;0;PAYMENT_COUPONS;CODE;;;;true;;2013-05-23T00:00:00
1343;609572;612551;U61C1851668;PAYMENT_COUPON;PAYMENT_COUPON_612551;ENABLED;;;;2013-05-23T00:00:00;;true;0;PAYMENT_COUPONS;CODE;;;;true;;2013-05-23T00:00:00
1344;609572;612551;U61C1851669;PAYMENT_COUPON;PAYMENT_COUPON_612551;ENABLED;;;;2013-05-23T00:00:00;;true;0;PAYMENT_COUPONS;CODE;;;;true;;2013-05-23T00:00:00
1345;609572;612551;U61C1851670;PAYMENT_COUPON;PAYMENT_COUPON_612551;ENABLED;;;;2013-05-23T00:00:00;;true;0;PAYMENT_COUPONS;CODE;;;;true;;2013-05-23T00:00:00
1346;609572;612551;U61C1851671;PAYMENT_COUPON;PAYMENT_COUPON_612551;ENABLED;;;;2013-05-23T00:00:00;;true;0;PAYMENT_COUPONS;CODE;;;;true;;2013-05-23T00:00:00
1347;609572;612551;U61C1851672;PAYMENT_COUPON;PAYMENT_COUPON_612551;ENABLED;;;;2013-05-23T00:00:00;;true;0;PAYMENT_COUPONS;CODE;;;;true;;2013-05-23T00:00:00
1348;609572;612551;U61C1851673;PAYMENT_COUPON;PAYMENT_COUPON_612551;ENABLED;;;;2013-05-23T00:00:00;;true;0;PAYMENT_COUPONS;CODE;;;;true;;2013-05-23T00:00:00
1349;609572;612551;U61C1851674;PAYMENT_COUPON;PAYMENT_COUPON_612551;ENABLED;;;;2013-05-23T00:00:00;;true;0;PAYMENT_COUPONS;CODE;;;;true;;2013-05-23T00:00:00
1350;609572;612551;U61C1851675;PAYMENT_COUPON;PAYMENT_COUPON_612551;ENABLED;;;;2013-05-23T00:00:00;;true;0;PAYMENT_COUPONS;CODE;;;;true;;2013-05-23T00:00:00
1351;609572;612551;U61C1851676;PAYMENT_COUPON;PAYMENT_COUPON_612551;ENABLED;;;;2013-05-23T00:00:00;;true;0;PAYMENT_COUPONS;CODE;;;;true;;2013-05-23T00:00:00
1352;609572;612551;U61C1851677;PAYMENT_COUPON;PAYMENT_COUPON_612551;ENABLED;;;;2013-05-23T00:00:00;;true;0;PAYMENT_COUPONS;CODE;;;;true;;2013-05-23T00:00:00
1353;609572;612551;U61C1851678;PAYMENT_COUPON;PAYMENT_COUPON_612551;ENABLED;;;;2013-05-23T00:00:00;;true;0;PAYMENT_COUPONS;CODE;;;;true;;2013-05-23T00:00:00
1354;609572;612551;U61C1851679;PAYMENT_COUPON;PAYMENT_COUPON_612551;ENABLED;;;;2013-05-23T00:00:00;;true;0;PAYMENT_COUPONS;CODE;;;;true;;2013-05-23T00:00:00
1355;609572;612551;U61C1851680;PAYMENT_COUPON;PAYMENT_COUPON_612551;ENABLED;;;;2013-05-23T00:00:00;;true;0;PAYMENT_COUPONS;CODE;;;;true;;2013-05-23T00:00:00
1356;609572;612551;U61C1851681;PAYMENT_COUPON;PAYMENT_COUPON_612551;ENABLED;;;;2013-05-23T00:00:00;;true;0;PAYMENT_COUPONS;CODE;;;;true;;2013-05-23T00:00:00
1357;609572;612551;U61C1851682;PAYMENT_COUPON;PAYMENT_COUPON_612551;ENABLED;;;;2013-05-23T00:00:00;;true;0;PAYMENT_COUPONS;CODE;;;;true;;2013-05-23T00:00:00
1358;609572;612551;U61C1851683;PAYMENT_COUPON;PAYMENT_COUPON_612551;ENABLED;;;;2013-05-23T00:00:00;;true;0;PAYMENT_COUPONS;CODE;;;;true;;2013-05-23T00:00:00
1359;609572;612551;U61C1851684;PAYMENT_COUPON;PAYMENT_COUPON_612551;ENABLED;;;;2013-05-23T00:00:00;;true;0;PAYMENT_COUPONS;CODE;;;;true;;2013-05-23T00:00:00
1360;609572;612551;U61C1851685;PAYMENT_COUPON;PAYMENT_COUPON_612551;ENABLED;;;;2013-05-23T00:00:00;;true;0;PAYMENT_COUPONS;CODE;;;;true;;2013-05-23T00:00:00
1361;609572;612551;U61C1851686;PAYMENT_COUPON;PAYMENT_COUPON_612551;ENABLED;;;;2013-05-23T00:00:00;;true;0;PAYMENT_COUPONS;CODE;;;;true;;2013-05-23T00:00:00
1362;609572;612551;U61C1851687;PAYMENT_COUPON;PAYMENT_COUPON_612551;ENABLED;;;;2013-05-23T00:00:00;;true;0;PAYMENT_COUPONS;CODE;;;;true;;2013-05-23T00:00:00
1363;609572;612551;U61C1851688;PAYMENT_COUPON;PAYMENT_COUPON_612551;ENABLED;;;;2013-05-23T00:00:00;;true;0;PAYMENT_COUPONS;CODE;;;;true;;2013-05-23T00:00:00
1364;609572;612551;U61C1851689;PAYMENT_COUPON;PAYMENT_COUPON_612551;ENABLED;;;;2013-05-23T00:00:00;;true;0;PAYMENT_COUPONS;CODE;;;;true;;2013-05-23T00:00:00
1365;609572;612551;U61C1851690;PAYMENT_COUPON;PAYMENT_COUPON_612551;ENABLED;;;;2013-05-23T00:00:00;;true;0;PAYMENT_COUPONS;CODE;;;;true;;2013-05-23T00:00:00
1366;609572;612551;U61C1851691;PAYMENT_COUPON;PAYMENT_COUPON_612551;ENABLED;;;;2013-05-23T00:00:00;;true;0;PAYMENT_COUPONS;CODE;;;;true;;2013-05-23T00:00:00
1367;609572;612551;U61C1851692;PAYMENT_COUPON;PAYMENT_COUPON_612551;ENABLED;;;;2013-05-23T00:00:00;;true;0;PAYMENT_COUPONS;CODE;;;;true;;2013-05-23T00:00:00
1368;609572;612551;U61C1851693;PAYMENT_COUPON;PAYMENT_COUPON_612551;ENABLED;;;;2013-05-23T00:00:00;;true;0;PAYMENT_COUPONS;CODE;;;;true;;2013-05-23T00:00:00
1369;609572;612551;U61C1851694;PAYMENT_COUPON;PAYMENT_COUPON_612551;ENABLED;;;;2013-05-23T00:00:00;;true;0;PAYMENT_COUPONS;CODE;;;;true;;2013-05-23T00:00:00
1370;609572;612551;U61C1851695;PAYMENT_COUPON;PAYMENT_COUPON_612551;ENABLED;;;;2013-05-23T00:00:00;;true;0;PAYMENT_COUPONS;CODE;;;;true;;2013-05-23T00:00:00
1371;609572;612551;U61C1851696;PAYMENT_COUPON;PAYMENT_COUPON_612551;ENABLED;;;;2013-05-23T00:00:00;;true;0;PAYMENT_COUPONS;CODE;;;;true;;2013-05-23T00:00:00
1372;609572;612551;U61C1851697;PAYMENT_COUPON;PAYMENT_COUPON_612551;ENABLED;;;;2013-05-23T00:00:00;;true;0;PAYMENT_COUPONS;CODE;;;;true;;2013-05-23T00:00:00
1373;609572;612551;U61C1851698;PAYMENT_COUPON;PAYMENT_COUPON_612551;ENABLED;;;;2013-05-23T00:00:00;;true;0;PAYMENT_COUPONS;CODE;;;;true;;2013-05-23T00:00:00
1374;609572;612551;U61C1851699;PAYMENT_COUPON;PAYMENT_COUPON_612551;ENABLED;;;;2013-05-23T00:00:00;;true;0;PAYMENT_COUPONS;CODE;;;;true;;2013-05-23T00:00:00
1375;609572;612551;U61C1851700;PAYMENT_COUPON;PAYMENT_COUPON_612551;ENABLED;;;;2013-05-23T00:00:00;;true;0;PAYMENT_COUPONS;CODE;;;;true;;2013-05-23T00:00:00
1376;609572;612551;U61C1851701;PAYMENT_COUPON;PAYMENT_COUPON_612551;ENABLED;;;;2013-05-23T00:00:00;;true;0;PAYMENT_COUPONS;CODE;;;;true;;2013-05-23T00:00:00
1377;609572;612551;U61C1851702;PAYMENT_COUPON;PAYMENT_COUPON_612551;ENABLED;;;;2013-05-23T00:00:00;;true;0;PAYMENT_COUPONS;CODE;;;;true;;2013-05-23T00:00:00
1378;609572;612551;U61C1851703;PAYMENT_COUPON;PAYMENT_COUPON_612551;ENABLED;;;;2013-05-23T00:00:00;;true;0;PAYMENT_COUPONS;CODE;;;;true;;2013-05-23T00:00:00
1379;609572;612551;U61C1851704;PAYMENT_COUPON;PAYMENT_COUPON_612551;ENABLED;;;;2013-05-23T00:00:00;;true;0;PAYMENT_COUPONS;CODE;;;;true;;2013-05-23T00:00:00
1380;609572;612551;U61C1851705;PAYMENT_COUPON;PAYMENT_COUPON_612551;ENABLED;;;;2013-05-23T00:00:00;;true;0;PAYMENT_COUPONS;CODE;;;;true;;2013-05-23T00:00:00
1381;609572;612551;U61C1851706;PAYMENT_COUPON;PAYMENT_COUPON_612551;ENABLED;;;;2013-05-23T00:00:00;;true;0;PAYMENT_COUPONS;CODE;;;;true;;2013-05-23T00:00:00
1382;609572;612551;U61C1851707;PAYMENT_COUPON;PAYMENT_COUPON_612551;ENABLED;;;;2013-05-23T00:00:00;;true;0;PAYMENT_COUPONS;CODE;;;;true;;2013-05-23T00:00:00
1383;609572;612551;U61C1851708;PAYMENT_COUPON;PAYMENT_COUPON_612551;ENABLED;;;;2013-05-23T00:00:00;;true;0;PAYMENT_COUPONS;CODE;;;;true;;2013-05-23T00:00:00
1384;609572;612551;U61C1851709;PAYMENT_COUPON;PAYMENT_COUPON_612551;ENABLED;;;;2013-05-23T00:00:00;;true;0;PAYMENT_COUPONS;CODE;;;;true;;2013-05-23T00:00:00
1385;609572;612551;U61C1851710;PAYMENT_COUPON;PAYMENT_COUPON_612551;ENABLED;;;;2013-05-23T00:00:00;;true;0;PAYMENT_COUPONS;CODE;;;;true;;2013-05-23T00:00:00
1386;609572;612551;U61C1851711;PAYMENT_COUPON;PAYMENT_COUPON_612551;ENABLED;;;;2013-05-23T00:00:00;;true;0;PAYMENT_COUPONS;CODE;;;;true;;2013-05-23T00:00:00
1387;609572;612551;U61C1851712;PAYMENT_COUPON;PAYMENT_COUPON_612551;ENABLED;;;;2013-05-23T00:00:00;;true;0;PAYMENT_COUPONS;CODE;;;;true;;2013-05-23T00:00:00
1388;609572;612551;U61C1851713;PAYMENT_COUPON;PAYMENT_COUPON_612551;ENABLED;;;;2013-05-23T00:00:00;;true;0;PAYMENT_COUPONS;CODE;;;;true;;2013-05-23T00:00:00
1389;609572;612551;U61C1851714;PAYMENT_COUPON;PAYMENT_COUPON_612551;ENABLED;;;;2013-05-23T00:00:00;;true;0;PAYMENT_COUPONS;CODE;;;;true;;2013-05-23T00:00:00
1390;609572;612551;U61C1851715;PAYMENT_COUPON;PAYMENT_COUPON_612551;ENABLED;;;;2013-05-23T00:00:00;;true;0;PAYMENT_COUPONS;CODE;;;;true;;2013-05-23T00:00:00
1391;609572;612551;U61C1851716;PAYMENT_COUPON;PAYMENT_COUPON_612551;ENABLED;;;;2013-05-23T00:00:00;;true;0;PAYMENT_COUPONS;CODE;;;;true;;2013-05-23T00:00:00
1392;609572;612551;U61C1851717;PAYMENT_COUPON;PAYMENT_COUPON_612551;ENABLED;;;;2013-05-23T00:00:00;;true;0;PAYMENT_COUPONS;CODE;;;;true;;2013-05-23T00:00:00
1393;609572;612551;U61C1851718;PAYMENT_COUPON;PAYMENT_COUPON_612551;ENABLED;;;;2013-05-23T00:00:00;;true;0;PAYMENT_COUPONS;CODE;;;;true;;2013-05-23T00:00:00
1394;609572;612551;U61C1851719;PAYMENT_COUPON;PAYMENT_COUPON_612551;ENABLED;;;;2013-05-23T00:00:00;;true;0;PAYMENT_COUPONS;CODE;;;;true;;2013-05-23T00:00:00
1395;609572;612551;U61C1851720;PAYMENT_COUPON;PAYMENT_COUPON_612551;ENABLED;;;;2013-05-23T00:00:00;;true;0;PAYMENT_COUPONS;CODE;;;;true;;2013-05-23T00:00:00
1396;609572;612551;U61C1851721;PAYMENT_COUPON;PAYMENT_COUPON_612551;ENABLED;;;;2013-05-23T00:00:00;;true;0;PAYMENT_COUPONS;CODE;;;;true;;2013-05-23T00:00:00
1397;609572;612551;U61C1851722;PAYMENT_COUPON;PAYMENT_COUPON_612551;ENABLED;;;;2013-05-23T00:00:00;;true;0;PAYMENT_COUPONS;CODE;;;;true;;2013-05-23T00:00:00
1398;609572;612551;U61C1851723;PAYMENT_COUPON;PAYMENT_COUPON_612551;ENABLED;;;;2013-05-23T00:00:00;;true;0;PAYMENT_COUPONS;CODE;;;;true;;2013-05-23T00:00:00
1399;609572;612551;U61C1851724;PAYMENT_COUPON;PAYMENT_COUPON_612551;ENABLED;;;;2013-05-23T00:00:00;;true;0;PAYMENT_COUPONS;CODE;;;;true;;2013-05-23T00:00:00
1400;609572;612551;U61C1851725;PAYMENT_COUPON;PAYMENT_COUPON_612551;ENABLED;;;;2013-05-23T00:00:00;;true;0;PAYMENT_COUPONS;CODE;;;;true;;2013-05-23T00:00:00
1401;609572;612551;U61C1851726;PAYMENT_COUPON;PAYMENT_COUPON_612551;ENABLED;;;;2013-05-23T00:00:00;;true;0;PAYMENT_COUPONS;CODE;;;;true;;2013-05-23T00:00:00
1402;609572;612551;U61C1851727;PAYMENT_COUPON;PAYMENT_COUPON_612551;ENABLED;;;;2013-05-23T00:00:00;;true;0;PAYMENT_COUPONS;CODE;;;;true;;2013-05-23T00:00:00
1403;609572;612551;U61C1851728;PAYMENT_COUPON;PAYMENT_COUPON_612551;ENABLED;;;;2013-05-23T00:00:00;;true;0;PAYMENT_COUPONS;CODE;;;;true;;2013-05-23T00:00:00
1404;609572;612551;U61C1851729;PAYMENT_COUPON;PAYMENT_COUPON_612551;ENABLED;;;;2013-05-23T00:00:00;;true;0;PAYMENT_COUPONS;CODE;;;;true;;2013-05-23T00:00:00
1405;609572;612551;U61C1851730;PAYMENT_COUPON;PAYMENT_COUPON_612551;ENABLED;;;;2013-05-23T00:00:00;;true;0;PAYMENT_COUPONS;CODE;;;;true;;2013-05-23T00:00:00
1406;609572;612551;U61C1851731;PAYMENT_COUPON;PAYMENT_COUPON_612551;ENABLED;;;;2013-05-23T00:00:00;;true;0;PAYMENT_COUPONS;CODE;;;;true;;2013-05-23T00:00:00
1407;609572;612551;U61C1851732;PAYMENT_COUPON;PAYMENT_COUPON_612551;ENABLED;;;;2013-05-23T00:00:00;;true;0;PAYMENT_COUPONS;CODE;;;;true;;2013-05-23T00:00:00
1408;609572;612551;U61C1851733;PAYMENT_COUPON;PAYMENT_COUPON_612551;ENABLED;;;;2013-05-23T00:00:00;;true;0;PAYMENT_COUPONS;CODE;;;;true;;2013-05-23T00:00:00
1409;609572;612551;U61C1851734;PAYMENT_COUPON;PAYMENT_COUPON_612551;ENABLED;;;;2013-05-23T00:00:00;;true;0;PAYMENT_COUPONS;CODE;;;;true;;2013-05-23T00:00:00
1410;609572;612551;U61C1851735;PAYMENT_COUPON;PAYMENT_COUPON_612551;ENABLED;;;;2013-05-23T00:00:00;;true;0;PAYMENT_COUPONS;CODE;;;;true;;2013-05-23T00:00:00
1411;609572;612551;U61C1851736;PAYMENT_COUPON;PAYMENT_COUPON_612551;ENABLED;;;;2013-05-23T00:00:00;;true;0;PAYMENT_COUPONS;CODE;;;;true;;2013-05-23T00:00:00
1412;609572;612551;U61C1851737;PAYMENT_COUPON;PAYMENT_COUPON_612551;ENABLED;;;;2013-05-23T00:00:00;;true;0;PAYMENT_COUPONS;CODE;;;;true;;2013-05-23T00:00:00
1413;609572;612551;U61C1851738;PAYMENT_COUPON;PAYMENT_COUPON_612551;ENABLED;;;;2013-05-23T00:00:00;;true;0;PAYMENT_COUPONS;CODE;;;;true;;2013-05-23T00:00:00
1414;609572;612551;U61C1851739;PAYMENT_COUPON;PAYMENT_COUPON_612551;ENABLED;;;;2013-05-23T00:00:00;;true;0;PAYMENT_COUPONS;CODE;;;;true;;2013-05-23T00:00:00
1415;609572;612551;U61C1851740;PAYMENT_COUPON;PAYMENT_COUPON_612551;ENABLED;;;;2013-05-23T00:00:00;;true;0;PAYMENT_COUPONS;CODE;;;;true;;2013-05-23T00:00:00
1416;609572;612551;U61C1851741;PAYMENT_COUPON;PAYMENT_COUPON_612551;ENABLED;;;;2013-05-23T00:00:00;;true;0;PAYMENT_COUPONS;CODE;;;;true;;2013-05-23T00:00:00
1417;609572;612551;U61C1851742;PAYMENT_COUPON;PAYMENT_COUPON_612551;ENABLED;;;;2013-05-23T00:00:00;;true;0;PAYMENT_COUPONS;CODE;;;;true;;2013-05-23T00:00:00
1418;609572;612551;U61C1851743;PAYMENT_COUPON;PAYMENT_COUPON_612551;ENABLED;;;;2013-05-23T00:00:00;;true;0;PAYMENT_COUPONS;CODE;;;;true;;2013-05-23T00:00:00
1419;609572;612551;U61C1851744;PAYMENT_COUPON;PAYMENT_COUPON_612551;ENABLED;;;;2013-05-23T00:00:00;;true;0;PAYMENT_COUPONS;CODE;;;;true;;2013-05-23T00:00:00
1420;609572;612551;U61C1851745;PAYMENT_COUPON;PAYMENT_COUPON_612551;ENABLED;;;;2013-05-23T00:00:00;;true;0;PAYMENT_COUPONS;CODE;;;;true;;2013-05-23T00:00:00
1421;609572;612551;U61C1851746;PAYMENT_COUPON;PAYMENT_COUPON_612551;ENABLED;;;;2013-05-23T00:00:00;;true;0;PAYMENT_COUPONS;CODE;;;;true;;2013-05-23T00:00:00
1422;609572;612551;U61C1851747;PAYMENT_COUPON;PAYMENT_COUPON_612551;ENABLED;;;;2013-05-23T00:00:00;;true;0;PAYMENT_COUPONS;CODE;;;;true;;2013-05-23T00:00:00
1423;609572;612551;U61C1851748;PAYMENT_COUPON;PAYMENT_COUPON_612551;ENABLED;;;;2013-05-23T00:00:00;;true;0;PAYMENT_COUPONS;CODE;;;;true;;2013-05-23T00:00:00
1424;609572;612551;U61C1851749;PAYMENT_COUPON;PAYMENT_COUPON_612551;ENABLED;;;;2013-05-23T00:00:00;;true;0;PAYMENT_COUPONS;CODE;;;;true;;2013-05-23T00:00:00
1425;609572;612551;U61C1851750;PAYMENT_COUPON;PAYMENT_COUPON_612551;ENABLED;;;;2013-05-23T00:00:00;;true;0;PAYMENT_COUPONS;CODE;;;;true;;2013-05-23T00:00:00
1426;609572;612551;U61C1851751;PAYMENT_COUPON;PAYMENT_COUPON_612551;ENABLED;;;;2013-05-23T00:00:00;;true;0;PAYMENT_COUPONS;CODE;;;;true;;2013-05-23T00:00:00
1427;609572;612551;U61C1851752;PAYMENT_COUPON;PAYMENT_COUPON_612551;ENABLED;;;;2013-05-23T00:00:00;;true;0;PAYMENT_COUPONS;CODE;;;;true;;2013-05-23T00:00:00
1428;609572;612551;U61C1851753;PAYMENT_COUPON;PAYMENT_COUPON_612551;ENABLED;;;;2013-05-23T00:00:00;;true;0;PAYMENT_COUPONS;CODE;;;;true;;2013-05-23T00:00:00
1429;609572;612551;U61C1851754;PAYMENT_COUPON;PAYMENT_COUPON_612551;ENABLED;;;;2013-05-23T00:00:00;;true;0;PAYMENT_COUPONS;CODE;;;;true;;2013-05-23T00:00:00
1430;609572;612551;U61C1851755;PAYMENT_COUPON;PAYMENT_COUPON_612551;ENABLED;;;;2013-05-23T00:00:00;;true;0;PAYMENT_COUPONS;CODE;;;;true;;2013-05-23T00:00:00
1431;609572;612551;U61C1851756;PAYMENT_COUPON;PAYMENT_COUPON_612551;ENABLED;;;;2013-05-23T00:00:00;;true;0;PAYMENT_COUPONS;CODE;;;;true;;2013-05-23T00:00:00
1432;609572;612551;U61C1851757;PAYMENT_COUPON;PAYMENT_COUPON_612551;ENABLED;;;;2013-05-23T00:00:00;;true;0;PAYMENT_COUPONS;CODE;;;;true;;2013-05-23T00:00:00
1433;609572;612551;U61C1851758;PAYMENT_COUPON;PAYMENT_COUPON_612551;ENABLED;;;;2013-05-23T00:00:00;;true;0;PAYMENT_COUPONS;CODE;;;;true;;2013-05-23T00:00:00
1434;609572;612551;U61C1851759;PAYMENT_COUPON;PAYMENT_COUPON_612551;ENABLED;;;;2013-05-23T00:00:00;;true;0;PAYMENT_COUPONS;CODE;;;;true;;2013-05-23T00:00:00
1435;609572;612551;U61C1851760;PAYMENT_COUPON;PAYMENT_COUPON_612551;ENABLED;;;;2013-05-23T00:00:00;;true;0;PAYMENT_COUPONS;CODE;;;;true;;2013-05-23T00:00:00
1436;609572;612551;U61C1851761;PAYMENT_COUPON;PAYMENT_COUPON_612551;ENABLED;;;;2013-05-23T00:00:00;;true;0;PAYMENT_COUPONS;CODE;;;;true;;2013-05-23T00:00:00
1437;609572;612551;U61C1851762;PAYMENT_COUPON;PAYMENT_COUPON_612551;ENABLED;;;;2013-05-23T00:00:00;;true;0;PAYMENT_COUPONS;CODE;;;;true;;2013-05-23T00:00:00
1438;609572;612551;U61C1851763;PAYMENT_COUPON;PAYMENT_COUPON_612551;ENABLED;;;;2013-05-23T00:00:00;;true;0;PAYMENT_COUPONS;CODE;;;;true;;2013-05-23T00:00:00
1439;609572;612551;U61C1851764;PAYMENT_COUPON;PAYMENT_COUPON_612551;ENABLED;;;;2013-05-23T00:00:00;;true;0;PAYMENT_COUPONS;CODE;;;;true;;2013-05-23T00:00:00
1440;609572;612551;U61C1851765;PAYMENT_COUPON;PAYMENT_COUPON_612551;ENABLED;;;;2013-05-23T00:00:00;;true;0;PAYMENT_COUPONS;CODE;;;;true;;2013-05-23T00:00:00
1441;609572;612551;U61C1851766;PAYMENT_COUPON;PAYMENT_COUPON_612551;ENABLED;;;;2013-05-23T00:00:00;;true;0;PAYMENT_COUPONS;CODE;;;;true;;2013-05-23T00:00:00
1442;609572;612551;U61C1851767;PAYMENT_COUPON;PAYMENT_COUPON_612551;ENABLED;;;;2013-05-23T00:00:00;;true;0;PAYMENT_COUPONS;CODE;;;;true;;2013-05-23T00:00:00
1443;609572;612551;U61C1851768;PAYMENT_COUPON;PAYMENT_COUPON_612551;ENABLED;;;;2013-05-23T00:00:00;;true;0;PAYMENT_COUPONS;CODE;;;;true;;2013-05-23T00:00:00
1444;609572;612551;U61C1851769;PAYMENT_COUPON;PAYMENT_COUPON_612551;ENABLED;;;;2013-05-23T00:00:00;;true;0;PAYMENT_COUPONS;CODE;;;;true;;2013-05-23T00:00:00
1445;609572;612551;U61C1851770;PAYMENT_COUPON;PAYMENT_COUPON_612551;ENABLED;;;;2013-05-23T00:00:00;;true;0;PAYMENT_COUPONS;CODE;;;;true;;2013-05-23T00:00:00
1446;609572;612551;U61C1851771;PAYMENT_COUPON;PAYMENT_COUPON_612551;ENABLED;;;;2013-05-23T00:00:00;;true;0;PAYMENT_COUPONS;CODE;;;;true;;2013-05-23T00:00:00
1447;609572;612551;U61C1851772;PAYMENT_COUPON;PAYMENT_COUPON_612551;ENABLED;;;;2013-05-23T00:00:00;;true;0;PAYMENT_COUPONS;CODE;;;;true;;2013-05-23T00:00:00
1448;609572;612551;U61C1851773;PAYMENT_COUPON;PAYMENT_COUPON_612551;ENABLED;;;;2013-05-23T00:00:00;;true;0;PAYMENT_COUPONS;CODE;;;;true;;2013-05-23T00:00:00
1449;609572;612551;U61C1851774;PAYMENT_COUPON;PAYMENT_COUPON_612551;ENABLED;;;;2013-05-23T00:00:00;;true;0;PAYMENT_COUPONS;CODE;;;;true;;2013-05-23T00:00:00
1450;609572;612551;U61C1851775;PAYMENT_COUPON;PAYMENT_COUPON_612551;ENABLED;;;;2013-05-23T00:00:00;;true;0;PAYMENT_COUPONS;CODE;;;;true;;2013-05-23T00:00:00
1451;609572;612551;U61C1851776;PAYMENT_COUPON;PAYMENT_COUPON_612551;ENABLED;;;;2013-05-23T00:00:00;;true;0;PAYMENT_COUPONS;CODE;;;;true;;2013-05-23T00:00:00
1452;609572;612551;U61C1851777;PAYMENT_COUPON;PAYMENT_COUPON_612551;ENABLED;;;;2013-05-23T00:00:00;;true;0;PAYMENT_COUPONS;CODE;;;;true;;2013-05-23T00:00:00
1453;609572;612551;U61C1851778;PAYMENT_COUPON;PAYMENT_COUPON_612551;ENABLED;;;;2013-05-23T00:00:00;;true;0;PAYMENT_COUPONS;CODE;;;;true;;2013-05-23T00:00:00
1454;609572;612551;U61C1851779;PAYMENT_COUPON;PAYMENT_COUPON_612551;ENABLED;;;;2013-05-23T00:00:00;;true;0;PAYMENT_COUPONS;CODE;;;;true;;2013-05-23T00:00:00
1455;609572;612551;U61C1851780;PAYMENT_COUPON;PAYMENT_COUPON_612551;ENABLED;;;;2013-05-23T00:00:00;;true;0;PAYMENT_COUPONS;CODE;;;;true;;2013-05-23T00:00:00
1456;609572;612551;U61C1851781;PAYMENT_COUPON;PAYMENT_COUPON_612551;ENABLED;;;;2013-05-23T00:00:00;;true;0;PAYMENT_COUPONS;CODE;;;;true;;2013-05-23T00:00:00
1457;609572;612551;U61C1851782;PAYMENT_COUPON;PAYMENT_COUPON_612551;ENABLED;;;;2013-05-23T00:00:00;;true;0;PAYMENT_COUPONS;CODE;;;;true;;2013-05-23T00:00:00
1458;609572;612551;U61C1851783;PAYMENT_COUPON;PAYMENT_COUPON_612551;ENABLED;;;;2013-05-23T00:00:00;;true;0;PAYMENT_COUPONS;CODE;;;;true;;2013-05-23T00:00:00
1459;609572;612551;U61C1851784;PAYMENT_COUPON;PAYMENT_COUPON_612551;ENABLED;;;;2013-05-23T00:00:00;;true;0;PAYMENT_COUPONS;CODE;;;;true;;2013-05-23T00:00:00
1460;609572;612551;U61C1851785;PAYMENT_COUPON;PAYMENT_COUPON_612551;ENABLED;;;;2013-05-23T00:00:00;;true;0;PAYMENT_COUPONS;CODE;;;;true;;2013-05-23T00:00:00
1461;609572;612551;U61C1851786;PAYMENT_COUPON;PAYMENT_COUPON_612551;ENABLED;;;;2013-05-23T00:00:00;;true;0;PAYMENT_COUPONS;CODE;;;;true;;2013-05-23T00:00:00
1462;609572;612551;U61C1851787;PAYMENT_COUPON;PAYMENT_COUPON_612551;ENABLED;;;;2013-05-23T00:00:00;;true;0;PAYMENT_COUPONS;CODE;;;;true;;2013-05-23T00:00:00
1463;609572;612551;U61C1851788;PAYMENT_COUPON;PAYMENT_COUPON_612551;ENABLED;;;;2013-05-23T00:00:00;;true;0;PAYMENT_COUPONS;CODE;;;;true;;2013-05-23T00:00:00
1464;609572;612551;U61C1851789;PAYMENT_COUPON;PAYMENT_COUPON_612551;ENABLED;;;;2013-05-23T00:00:00;;true;0;PAYMENT_COUPONS;CODE;;;;true;;2013-05-23T00:00:00
1465;609572;612551;U61C1851790;PAYMENT_COUPON;PAYMENT_COUPON_612551;ENABLED;;;;2013-05-23T00:00:00;;true;0;PAYMENT_COUPONS;CODE;;;;true;;2013-05-23T00:00:00
1466;609572;612551;U61C1851791;PAYMENT_COUPON;PAYMENT_COUPON_612551;ENABLED;;;;2013-05-23T00:00:00;;true;0;PAYMENT_COUPONS;CODE;;;;true;;2013-05-23T00:00:00
1467;609572;612551;U61C1851792;PAYMENT_COUPON;PAYMENT_COUPON_612551;ENABLED;;;;2013-05-23T00:00:00;;true;0;PAYMENT_COUPONS;CODE;;;;true;;2013-05-23T00:00:00
1468;609572;612551;U61C1851793;PAYMENT_COUPON;PAYMENT_COUPON_612551;ENABLED;;;;2013-05-23T00:00:00;;true;0;PAYMENT_COUPONS;CODE;;;;true;;2013-05-23T00:00:00
1469;609572;612551;U61C1851794;PAYMENT_COUPON;PAYMENT_COUPON_612551;ENABLED;;;;2013-05-23T00:00:00;;true;0;PAYMENT_COUPONS;CODE;;;;true;;2013-05-23T00:00:00
1470;609572;612551;U61C1851795;PAYMENT_COUPON;PAYMENT_COUPON_612551;ENABLED;;;;2013-05-23T00:00:00;;true;0;PAYMENT_COUPONS;CODE;;;;true;;2013-05-23T00:00:00
1471;609572;612551;U61C1851796;PAYMENT_COUPON;PAYMENT_COUPON_612551;ENABLED;;;;2013-05-23T00:00:00;;true;0;PAYMENT_COUPONS;CODE;;;;true;;2013-05-23T00:00:00
1472;609572;612551;U61C1851797;PAYMENT_COUPON;PAYMENT_COUPON_612551;ENABLED;;;;2013-05-23T00:00:00;;true;0;PAYMENT_COUPONS;CODE;;;;true;;2013-05-23T00:00:00
1473;609572;612551;U61C1851798;PAYMENT_COUPON;PAYMENT_COUPON_612551;ENABLED;;;;2013-05-23T00:00:00;;true;0;PAYMENT_COUPONS;CODE;;;;true;;2013-05-23T00:00:00
1474;609572;612551;U61C1851799;PAYMENT_COUPON;PAYMENT_COUPON_612551;ENABLED;;;;2013-05-23T00:00:00;;true;0;PAYMENT_COUPONS;CODE;;;;true;;2013-05-23T00:00:00
1475;609572;612551;U61C1851800;PAYMENT_COUPON;PAYMENT_COUPON_612551;ENABLED;;;;2013-05-23T00:00:00;;true;0;PAYMENT_COUPONS;CODE;;;;true;;2013-05-23T00:00:00
1476;609572;612551;U61C1851801;PAYMENT_COUPON;PAYMENT_COUPON_612551;ENABLED;;;;2013-05-23T00:00:00;;true;0;PAYMENT_COUPONS;CODE;;;;true;;2013-05-23T00:00:00
1477;609572;612551;U61C1851802;PAYMENT_COUPON;PAYMENT_COUPON_612551;ENABLED;;;;2013-05-23T00:00:00;;true;0;PAYMENT_COUPONS;CODE;;;;true;;2013-05-23T00:00:00
1478;609572;612551;U61C1851803;PAYMENT_COUPON;PAYMENT_COUPON_612551;ENABLED;;;;2013-05-23T00:00:00;;true;0;PAYMENT_COUPONS;CODE;;;;true;;2013-05-23T00:00:00
1479;609572;612551;U61C1851804;PAYMENT_COUPON;PAYMENT_COUPON_612551;ENABLED;;;;2013-05-23T00:00:00;;true;0;PAYMENT_COUPONS;CODE;;;;true;;2013-05-23T00:00:00
1480;609572;612551;U61C1851805;PAYMENT_COUPON;PAYMENT_COUPON_612551;ENABLED;;;;2013-05-23T00:00:00;;true;0;PAYMENT_COUPONS;CODE;;;;true;;2013-05-23T00:00:00
1481;609572;612551;U61C1851806;PAYMENT_COUPON;PAYMENT_COUPON_612551;ENABLED;;;;2013-05-23T00:00:00;;true;0;PAYMENT_COUPONS;CODE;;;;true;;2013-05-23T00:00:00
1482;609572;612551;U61C1851807;PAYMENT_COUPON;PAYMENT_COUPON_612551;ENABLED;;;;2013-05-23T00:00:00;;true;0;PAYMENT_COUPONS;CODE;;;;true;;2013-05-23T00:00:00
1483;609572;612551;U61C1851808;PAYMENT_COUPON;PAYMENT_COUPON_612551;ENABLED;;;;2013-05-23T00:00:00;;true;0;PAYMENT_COUPONS;CODE;;;;true;;2013-05-23T00:00:00
1484;609572;612551;U61C1851809;PAYMENT_COUPON;PAYMENT_COUPON_612551;ENABLED;;;;2013-05-23T00:00:00;;true;0;PAYMENT_COUPONS;CODE;;;;true;;2013-05-23T00:00:00
1485;609572;612551;U61C1851810;PAYMENT_COUPON;PAYMENT_COUPON_612551;ENABLED;;;;2013-05-23T00:00:00;;true;0;PAYMENT_COUPONS;CODE;;;;true;;2013-05-23T00:00:00
1486;609572;612551;U61C1851811;PAYMENT_COUPON;PAYMENT_COUPON_612551;ENABLED;;;;2013-05-23T00:00:00;;true;0;PAYMENT_COUPONS;CODE;;;;true;;2013-05-23T00:00:00
1487;609572;612551;U61C1851812;PAYMENT_COUPON;PAYMENT_COUPON_612551;ENABLED;;;;2013-05-23T00:00:00;;true;0;PAYMENT_COUPONS;CODE;;;;true;;2013-05-23T00:00:00
1488;609572;612551;U61C1851813;PAYMENT_COUPON;PAYMENT_COUPON_612551;ENABLED;;;;2013-05-23T00:00:00;;true;0;PAYMENT_COUPONS;CODE;;;;true;;2013-05-23T00:00:00
1489;609572;612551;U61C1851814;PAYMENT_COUPON;PAYMENT_COUPON_612551;ENABLED;;;;2013-05-23T00:00:00;;true;0;PAYMENT_COUPONS;CODE;;;;true;;2013-05-23T00:00:00
1490;609572;612551;U61C1851815;PAYMENT_COUPON;PAYMENT_COUPON_612551;ENABLED;;;;2013-05-23T00:00:00;;true;0;PAYMENT_COUPONS;CODE;;;;true;;2013-05-23T00:00:00
1491;609572;612551;U61C1851816;PAYMENT_COUPON;PAYMENT_COUPON_612551;ENABLED;;;;2013-05-23T00:00:00;;true;0;PAYMENT_COUPONS;CODE;;;;true;;2013-05-23T00:00:00
1492;609572;612551;U61C1851817;PAYMENT_COUPON;PAYMENT_COUPON_612551;ENABLED;;;;2013-05-23T00:00:00;;true;0;PAYMENT_COUPONS;CODE;;;;true;;2013-05-23T00:00:00
1493;609572;612551;U61C1851818;PAYMENT_COUPON;PAYMENT_COUPON_612551;ENABLED;;;;2013-05-23T00:00:00;;true;0;PAYMENT_COUPONS;CODE;;;;true;;2013-05-23T00:00:00
1494;609572;612551;U61C1851819;PAYMENT_COUPON;PAYMENT_COUPON_612551;ENABLED;;;;2013-05-23T00:00:00;;true;0;PAYMENT_COUPONS;CODE;;;;true;;2013-05-23T00:00:00
1495;609572;612551;U61C1851820;PAYMENT_COUPON;PAYMENT_COUPON_612551;ENABLED;;;;2013-05-23T00:00:00;;true;0;PAYMENT_COUPONS;CODE;;;;true;;2013-05-23T00:00:00
1496;609572;612551;U61C1851821;PAYMENT_COUPON;PAYMENT_COUPON_612551;ENABLED;;;;2013-05-23T00:00:00;;true;0;PAYMENT_COUPONS;CODE;;;;true;;2013-05-23T00:00:00
1497;609572;612551;U61C1851822;PAYMENT_COUPON;PAYMENT_COUPON_612551;ENABLED;;;;2013-05-23T00:00:00;;true;0;PAYMENT_COUPONS;CODE;;;;true;;2013-05-23T00:00:00
1498;609572;612551;U61C1851823;PAYMENT_COUPON;PAYMENT_COUPON_612551;ENABLED;;;;2013-05-23T00:00:00;;true;0;PAYMENT_COUPONS;CODE;;;;true;;2013-05-23T00:00:00
1499;609572;612551;U61C1851824;PAYMENT_COUPON;PAYMENT_COUPON_612551;ENABLED;;;;2013-05-23T00:00:00;;true;0;PAYMENT_COUPONS;CODE;;;;true;;2013-05-23T00:00:00
1500;609572;612551;U61C1851825;PAYMENT_COUPON;PAYMENT_COUPON_612551;ENABLED;;;;2013-05-23T00:00:00;;true;0;PAYMENT_COUPONS;CODE;;;;true;;2013-05-23T00:00:00
1741;623252;625583;U61C2358283;PAYMENT_COUPON;PAYMENT_COUPON_625583;ENABLED;;;;2016-08-18T00:00:00;;true;0;PAYMENT_COUPONS;CODE;;;;true;;2016-08-18T00:00:00
1742;623252;625583;U61C2358284;PAYMENT_COUPON;PAYMENT_COUPON_625583;ENABLED;;;;2016-08-18T00:00:00;;true;0;PAYMENT_COUPONS;CODE;;;;true;;2016-08-18T00:00:00
1743;623252;625583;U61C2358285;PAYMENT_COUPON;PAYMENT_COUPON_625583;ENABLED;;;;2016-08-18T00:00:00;;true;0;PAYMENT_COUPONS;CODE;;;;true;;2016-08-18T00:00:00
1744;623252;625583;U61C2358286;PAYMENT_COUPON;PAYMENT_COUPON_625583;ENABLED;;;;2016-08-18T00:00:00;;true;0;PAYMENT_COUPONS;CODE;;;;true;;2016-08-18T00:00:00
1745;623252;625583;U61C2358287;PAYMENT_COUPON;PAYMENT_COUPON_625583;ENABLED;;;;2016-08-18T00:00:00;;true;0;PAYMENT_COUPONS;CODE;;;;true;;2016-08-18T00:00:00
1746;623252;625583;U61C2358288;PAYMENT_COUPON;PAYMENT_COUPON_625583;ENABLED;;;;2016-08-18T00:00:00;;true;0;PAYMENT_COUPONS;CODE;;;;true;;2016-08-18T00:00:00
1747;623252;625583;U61C2358289;PAYMENT_COUPON;PAYMENT_COUPON_625583;ENABLED;;;;2016-08-18T00:00:00;;true;0;PAYMENT_COUPONS;CODE;;;;true;;2016-08-18T00:00:00
1748;623252;625583;U61C2358290;PAYMENT_COUPON;PAYMENT_COUPON_625583;ENABLED;;;;2016-08-18T00:00:00;;true;0;PAYMENT_COUPONS;CODE;;;;true;;2016-08-18T00:00:00
1749;623252;625583;U61C2358291;PAYMENT_COUPON;PAYMENT_COUPON_625583;ENABLED;;;;2016-08-18T00:00:00;;true;0;PAYMENT_COUPONS;CODE;;;;true;;2016-08-18T00:00:00
1750;623252;625583;U61C2358292;PAYMENT_COUPON;PAYMENT_COUPON_625583;ENABLED;;;;2016-08-18T00:00:00;;true;0;PAYMENT_COUPONS;CODE;;;;true;;2016-08-18T00:00:00
